"course_key","course_code","course_name","course_type","total_hours","credits","is_enabled"
"1","000000B0A01","中国特色社会主义","A类(纯理论课)","36","2","是"
"2","000000B0A02","心理健康与职业生涯","A类(纯理论课)","36","2","是"
"3","000000B0A02-1","心理健康与职业生涯1","A类(纯理论课)","2","1","是"
"4","000000B0A02-2","心理健康与职业生涯2","A类(纯理论课)","2","1","是"
"5","000000B0A03","哲学与人生","A类(纯理论课)","72","2","是"
"6","000000B0A04","职业道德与法治","A类(纯理论课)","36","2","是"
"7","000000B0A05","新疆地方史","A类(纯理论课)","36","2","是"
"8","000000B0A06","历史","A类(纯理论课)","36","2","是"
"9","000000B0A06-1","中国历史1","A类(纯理论课)","36","2","是"
"10","000000B0A06-2","中国历史2","A类(纯理论课)","36","2","是"
"11","000000B0A07","语文","A类(纯理论课)","72","4","是"
"12","000000B0A07-1","语文1","A类(纯理论课)","72","4","是"
"13","000000B0A07-2","语文2","A类(纯理论课)","72","4","是"
"14","000000B0A07-3","语文3","A类(纯理论课)","72","4","是"
"15","000000B0A08","数学","A类(纯理论课)","72","4","是"
"16","000000B0A08-1","数学1","A类(纯理论课)","72","4","是"
"17","000000B0A08-2","数学2","A类(纯理论课)","72","4","是"
"18","000000B0A09","英语","A类(纯理论课)","72","4","是"
"19","000000B0A09-1","英语1","A类(纯理论课)","72","4","是"
"20","000000B0A09-2","英语2","A类(纯理论课)","72","4","是"
"21","000000B0A10","公共艺术（美术）","A类(纯理论课)","18","1","是"
"22","000000B0A11","公共艺术（音乐）","A类(纯理论课)","18","1","是"
"23","000000B0A12","入学教育","A类(纯理论课)","0","0.5","是"
"24","000000B0A13","毕业教育","A类(纯理论课)","0","0.5","是"
"25","000000B0A14","自然科学基础","A类(纯理论课)","36","2","是"
"26","000000B0A15","社会科学基础","A类(纯理论课)","36","2","是"
"27","000000B0A16","世界历史","A类(纯理论课)","36","2","是"
"28","000000B0A17","习近平新时代中国特色社会主义思想学生读本","A类(纯理论课)","36","2","是"
"29","000000B0B01","认知实习","B类((理论+实践)课)","96","4","是"
"30","00000GXA01","计算机应用基础","B类((理论+实践)课)","72","4","是"
"31","00000GXA02","体育与健康","B类((理论+实践)课)","36","1","是"
"32","00000GXA02-1","体育与健康1","B类((理论+实践)课)","36","1","是"
"33","00000GXA02-2","体育与健康2","B类((理论+实践)课)","36","1","是"
"34","00000GXA02-3","体育与健康3","B类((理论+实践)课)","36","1","是"
"35","00000GXA02-4","体育与健康4","B类((理论+实践)课)","36","1","是"
"36","00000GXA03","军事理论与军训","B类((理论+实践)课)","60","1","是"
"37","051300B0A01","电工电子基础与技能","B类((理论+实践)课)","72","4","是"
"38","051300B0A02","机械基础","A类(纯理论课)","72","4","是"
"39","051300B0A03","机械识图","B类((理论+实践)课)","72","4","是"
"40","051300B0A04","电工仪表与测量","B类((理论+实践)课)","72","4","是"
"41","051300B0A05","安全用电","B类((理论+实践)课)","72","4","是"
"42","051300B0B01","可编程序控制器及其应用","B类((理论+实践)课)","72","4","是"
"43","051300B0B02","电气控制及 PLC 控制技术","B类((理论+实践)课)","108","6","是"
"44","051300B0B03","电力拖动控制与技能训练","B类((理论+实践)课)","108","6","是"
"45","051300B0B04","照明线路安装与检修","B类((理论+实践)课)","72","4","是"
"46","051300B0B05","液压与气动","B类((理论+实践)课)","72","4","是"
"47","051300B0B06","钳工工艺","B类((理论+实践)课)","108","6","是"
"48","051300B0B07","车工技能训练","B类((理论+实践)课)","144","8","是"
"49","051300B0B08","焊接技术","B类((理论+实践)课)","144","8","是"
"50","051300B0B09","1+X机械产品三维设计","B类((理论+实践)课)","72","4","是"
"51","051300B0C02","金工综合实训","C类(纯实践课)","30","1","是"
"52","051300ZXA01","家电维修（限选）","B类((理论+实践)课)","72","4","是"
"53","051300ZXA02","机电产品安装与调试（限选）","B类((理论+实践)课)","108","6","是"
"54","051300ZXA03","工厂供电（限选）","B类((理论+实践)课)","72","4","是"
"55","051300ZXA04","典型机床电气故障诊断与维修","A类(纯理论课)","72","4","是"
"56","051300ZXA05","机电设备及管理技术","A类(纯理论课)","108","6","是"
"57","051300ZXA06","维修电工（初级）（限选）","B类((理论+实践)课)","72","4","是"
"58","051300ZXA07","维修电工（初级）（限选）","B类((理论+实践)课)","72","4","是"
"59","051300ZXA08","模具数字化设计与制造技术（限选）","B类((理论+实践)课)","108","6","是"
"60","090100B0B03","计算机网络基础","B类((理论+实践)课)","72","4","是"
"61","10000000000","顶岗实习","C类(纯实践课)","480","16","是"
"62","10000000001","顶岗实习","C类(纯实践课)","480","16","是"
"63","10000000002","顶岗实习","C类(纯实践课)","480","16","是"
"64","10000000003","数控车床编程与操作项目教程（限选）","B类((理论+实践)课)","72","4","是"
"65","10000000004","顶岗实习","C类(纯实践课)","480","16","是"
"66","10000000005","顶岗实习","C类(纯实践课)","480","16","是"
"67","100000B0A01","中华优秀传统文化","A类(纯理论课)","4","0.2","是"
"68","100000B0A02","思想道德与法治","A类(纯理论课)","36","2","是"
"69","100000B0A03","毛泽东思想与中国特色社会主义理论体系概论","A类(纯理论课)","36","2","是"
"70","100000B0A04","形势与政策","A类(纯理论课)","16","1","是"
"71","100000B0A04-1","形势与政策1","A类(纯理论课)","8","1","是"
"72","100000B0A04-2","形势与政策2","A类(纯理论课)","8","1","是"
"73","100000B0A04-3","形势与政策3","A类(纯理论课)","8","1","是"
"74","100000B0A04-4","形势与政策4","A类(纯理论课)","8","1","是"
"75","100000B0A05","新疆地方史","A类(纯理论课)","36","2","是"
"76","100000B0A05-1","简明新疆地方史1","A类(纯理论课)","18","1","是"
"77","100000B0A05-2","简明新疆地方史2","A类(纯理论课)","18","1","是"
"78","100000B0A06","习近平新时代中国特色社会主义思想概论","A类(纯理论课)","18","2","是"
"79","100000B0A06-1","习近平新时代中国特色社会主义思想概论1","A类(纯理论课)","36","4","是"
"80","100000B0A06-2","习近平新时代中国特色社会主义思想概论2","A类(纯理论课)","36","4","是"
"81","100000B0A07","中国近现代史纲要","A类(纯理论课)","36","4","是"
"82","100000B0A08","大学生职业发展与就业创业指导","A类(纯理论课)","16","1","是"
"83","100000B0A09","大学英语","A类(纯理论课)","36","2","是"
"84","100000B0A10","高等数学","A类(纯理论课)","72","4","是"
"85","100000B0A11","大学语文","A类(纯理论课)","36","2","是"
"86","100000B0A12","心理健康教育","A类(纯理论课)","32","2","是"
"87","100000B0A13","入学教育","A类(纯理论课)","8","0.5","是"
"88","100000B0A14","毕业教育","A类(纯理论课)","4","0.5","是"
"89","100000B0A15","国家通用语言","A类(纯理论课)","36","2","是"
"90","100000B0A15-1","国家通用语言1","A类(纯理论课)","36","2","是"
"91","100000B0A15-2","国家通用语言2","A类(纯理论课)","36","2","是"
"92","100000B0A16-1","中华民族共同体概论1","A类(纯理论课)","36","4","是"
"93","100000B0A16-2","中华民族共同体概论2","A类(纯理论课)","36","4","是"
"94","100000B0A17-1","普通话正音1","A类(纯理论课)","2","2","是"
"95","100000B0A17-2","普通话正音2","A类(纯理论课)","2","2","是"
"96","100000B0B01","文献检索","B类((理论+实践)课)","34","2","是"
"97","100000B0B02","体育与健康","A类(纯理论课)","36","1","是"
"98","100000B0B02-1","体育与健康1","B类((理论+实践)课)","36","1","是"
"99","100000B0B02-2","体育与健康2","B类((理论+实践)课)","36","1","是"
"100","100000B0B03","军事理论与军训","A类(纯理论课)","60","1","是"
"101","100000B0B04","信息技术","B类((理论+实践)课)","72","4","是"
"102","100000GXA01","四史","A类(纯理论课)","4","1","是"
"103","100000GXA02","劳动教育","A类(纯理论课)","4","1","是"
"104","100000GXA03","创新创业教育","A类(纯理论课)","4","0.5","是"
"105","100000GXA04","公共艺术","A类(纯理论课)","4","0.25","是"
"106","100000GXB03","应用文写作","B类((理论+实践)课)","36","2","是"
"107","160200B0A01","学前儿童发展心理","A类(纯理论课)","36","2","是"
"108","160200B0A02","学前教育基础知识","A类(纯理论课)","36","2","是"
"109","160200B0A03","幼儿园保育","A类(纯理论课)","36","2","是"
"110","160200B0A04","幼儿园游戏","A类(纯理论课)","36","2","是"
"111","160200B0A05","幼儿文学阅读与指导","B类((理论+实践)课)","36","2","是"
"112","160200B0A06","0-3岁婴幼儿抚育与教育","B类((理论+实践)课)","36","2","是"
"113","160200B0A07","学前儿童卫生保健","A类(纯理论课)","36","2","是"
"114","160200B0B01","幼儿园教育活动设计与指导","B类((理论+实践)课)","36","2","是"
"115","160200B0B02","幼儿教师口语","A类(纯理论课)","36","2","是"
"116","160200B0B03","乐理与视唱","B类((理论+实践)课)","36","2","是"
"117","160200B0B04","唱歌与幼儿歌曲弹唱","B类((理论+实践)课)","72","2","是"
"118","160200B0B05","键盘与幼儿歌曲伴奏","B类((理论+实践)课)","72","2","是"
"119","160200B0B06","舞蹈","B类((理论+实践)课)","72","2","是"
"120","160200B0B07","绘画","B类((理论+实践)课)","72","2","是"
"121","160200ZXB01","保育员资格证(任选)","A类(纯理论课)","36","2","是"
"122","160200ZXB02","蒙台梭利教育（限选）","A类(纯理论课)","36","2","是"
"123","160200ZXB03","奥尔夫音乐","B类((理论+实践)课)","18","1","是"
"124","410117B0A01","植物生理学","B类((理论+实践)课)","108","6","是"
"125","410117B0A02","农业经营与管理","B类((理论+实践)课)","72","4","是"
"126","410117B0B01","作物栽培学","B类((理论+实践)课)","108","6","是"
"127","410117B0B02","棉花加工","B类((理论+实践)课)","72","4","是"
"128","410117B0B03","棉花检验","B类((理论+实践)课)","108","6","是"
"129","410117B0B04","土壤肥料学","B类((理论+实践)课)","72","4","是"
"130","410117B0B05","机械制图","B类((理论+实践)课)","36","2","是"
"131","410117B0B06","作物病虫害防治","B类((理论+实践)课)","72","4","是"
"132","410117B0C02","棉花检验实训","C类(纯实践课)","60","2","是"
"133","410117B0C03","跟岗实习","C类(纯实践课)","240","8","是"
"134","410117B0C04","毕业设计","C类(纯实践课)","180","6","是"
"135","410117ZXB01","农学概论","B类((理论+实践)课)","72","2","是"
"136","410117ZXB02","农业企业经营管理实务","B类((理论+实践)课)","72","4","是"
"137","410117ZXB03","货币银行学","B类((理论+实践)课)","72","4","是"
"138","410119B0A01","经济学基础","A类(纯理论课)","72","4","是"
"139","410119B0A02","经济法基础","A类(纯理论课)","72","4","是"
"140","410119B0A03","管理学基础","A类(纯理论课)","72","6","是"
"141","410119B0A04","农村政策法规","A类(纯理论课)","72","4","是"
"142","410119B0B01","基础会计","B类((理论+实践)课)","72","4","是"
"143","410119B0B02","出纳业务操作","B类((理论+实践)课)","72","4","是"
"144","410119B0B03","基础统计","B类((理论+实践)课)","72","4","是"
"145","410119B0B04","市场调查与预测","A类(纯理论课)","72","4","是"
"146","410119B0B05","农业技术推广","B类((理论+实践)课)","108","6","是"
"147","410119B0B06","农业企业经营管理实务","B类((理论+实践)课)","72","6","是"
"148","410119B0B07","农产品市场营销","B类((理论+实践)课)","72","4","是"
"149","410119B0B08","会计电算化","B类((理论+实践)课)","72","4","是"
"150","410119B0B09","农产品物流管理与实务","B类((理论+实践)课)","72","4","是"
"151","410119B0B10","农产品电子商务","B类((理论+实践)课)","108","6","是"
"152","410119B0B11","成本核算","B类((理论+实践)课)","32","2","是"
"153","410119B0C01","市场调查","C类(纯实践课)","60","1","是"
"154","410119B0C02","企业运营管理综合模拟实训","C类(纯实践课)","60","2","是"
"155","410119B0C03","跟岗实习","C类(纯实践课)","240","8","是"
"156","410119B0C04","毕业设计","C类(纯实践课)","180","6","是"
"157","410119ZXB01","农村社区管理（限选）","B类((理论+实践)课)","36","2","是"
"158","410119ZXB02","农村新型经济组织管理（限选）","B类((理论+实践)课)","72","4","是"
"159","410119ZXB03","农村金融与保险（限选）","B类((理论+实践)课)","72","4","是"
"160","410119ZXB04","农村行政管理（任选）","B类((理论+实践)课)","32","2","是"
"161","410119ZXB05","乡村旅游开发与经营（任选）","B类((理论+实践)课)","32","2","是"
"162","410303B0B01","动物解剖生理","B类((理论+实践)课)","108","6","是"
"163","410303B0B02","动物药理学","B类((理论+实践)课)","108","6","是"
"164","410303B0B03","动物营养与饲料","B类((理论+实践)课)","108","6","是"
"165","410303B0B04","动物微生物与免疫","B类((理论+实践)课)","72","4","是"
"166","410303B0B05","家畜环境控制","B类((理论+实践)课)","108","6","是"
"167","410303B0B06","动物病理学","B类((理论+实践)课)","120","6","是"
"168","410303B0B07","动物遗传育种","B类((理论+实践)课)","108","6","是"
"169","410303B0B08","动物传染病与寄生虫病","B类((理论+实践)课)","108","4","是"
"170","410303B0B09","动物外科与产科","B类((理论+实践)课)","108","6","是"
"171","410303B0B10","牛羊病防治","B类((理论+实践)课)","108","6","是"
"172","410303B0B11","宠物疾病防治","B类((理论+实践)课)","108","6","是"
"173","410303B0B12","猪生产技术","B类((理论+实践)课)","108","6","是"
"174","410303B0B13","牛羊生产技术","B类((理论+实践)课)","102","6","是"
"175","410303B0B14","动物防疫检疫技术","B类((理论+实践)课)","72","4","是"
"176","410303ZXB01","畜牧市场营销（限选）","A类(纯理论课)","72","4","是"
"177","410303ZXB02","畜牧业机械化（限选）","A类(纯理论课)","72","4","是"
"178","410303ZXB03","实验室诊断技术（限选）","B类((理论+实践)课)","54","3","是"
"179","410303ZXB04","宠物饲养与疾病防治（任选）","B类((理论+实践)课)","36","2","是"
"180","410303ZXB05","动物防疫与检疫技术（任选）","B类((理论+实践)课)","36","2","是"
"181","410307B0A01","兽医学概论","B类((理论+实践)课)","108","6","是"
"182","410307B0A02","动物保护法律法规","A类(纯理论课)","72","4","是"
"183","410307B0B01","动物解剖生理","B类((理论+实践)课)","108","4","是"
"184","410307B0B02","动物营养与饲料","B类((理论+实践)课)","72","4","是"
"185","410307B0B03","动物遗传繁育","B类((理论+实践)课)","108","6","是"
"186","410307B0B04","动物微生物与免疫","B类((理论+实践)课)","72","4","是"
"187","410307B0B05","动物防疫检疫技术","B类((理论+实践)课)","72","4","是"
"188","410307B0B06","家禽生产技术","B类((理论+实践)课)","108","6","是"
"189","410307B0B07","畜牧场规划与设计","B类((理论+实践)课)","72","6","是"
"190","410307B0B08","牛羊病防治","B类((理论+实践)课)","108","4","是"
"191","410307B0B09","猪生产技术","B类((理论+实践)课)","108","6","是"
"192","410307B0B10","牛羊生产技术","B类((理论+实践)课)","102","6","是"
"193","410307B0B11","动物传染病与寄生虫病","B类((理论+实践)课)","102","6","是"
"194","410307B0B12","养殖企业经营管理","B类((理论+实践)课)","108","3","是"
"195","410307B0B13","动物繁殖技术","B类((理论+实践)课)","72","6","是"
"196","410307B0B14","畜牧学概论","B类((理论+实践)课)","108","6","是"
"197","410307B0C01","跟岗实习","C类(纯实践课)","270","9","是"
"198","410307B0C02","毕业设计","C类(纯实践课)","180","6","是"
"199","410307ZXB01","经济动物饲养（限选）","B类((理论+实践)课)","72","4","是"
"200","410307ZXB02","畜产品加工技术（限选）","B类((理论+实践)课)","72","4","是"
"201","410307ZXB03","畜牧市场营销（限选）","B类((理论+实践)课)","54","3","是"
"202","410307ZXB04","养殖场环境控制与污物治理技术（任选）","B类((理论+实践)课)","36","2","是"
"203","410307ZXB05","动物性食品卫生检验技术（任选）","B类((理论+实践)课)","36","2","是"
"204","410307ZXB06","畜牧业机械化","B类((理论+实践)课)","36","2","是"
"205","420401B0A01","基础化学","A类(纯理论课)","108","6","是"
"206","420401B0A02","工程制图","A类(纯理论课)","108","6","是"
"207","420401B0A03","电工电子学","A类(纯理论课)","108","6","是"
"208","420401B0A04","电工电子技术","B类((理论+实践)课)","108","6","是"
"209","420401B0A05","机械基础","B类((理论+实践)课)","108","6","是"
"210","420401B0A06","储运SCADA系统与自动化控制","A类(纯理论课)","72","4","是"
"211","420401B0A07","储运仪表及自动化","B类((理论+实践)课)","108","6","是"
"212","420401B0A08","油库工艺与管理","B类((理论+实践)课)","72","4","是"
"213","420401B0A09","HSE管理","A类(纯理论课)","108","6","是"
"214","420401B0A10","油气储存与销售","B类((理论+实践)课)","108","6","是"
"215","420401B0A12","油气储运安全技术","B类((理论+实践)课)","108","6","是"
"216","420401B0A15","毕业综合训练","A类(纯理论课)","180","10","是"
"217","420401B0B01","泵与压缩机","B类((理论+实践)课)","72","4","是"
"218","420401B0B04","工程流体力学","B类((理论+实践)课)","108","6","是"
"219","420401B0B05","泵与压缩机","B类((理论+实践)课)","108","6","是"
"220","420401B0B07","工程热力学","B类((理论+实践)课)","108","6","是"
"221","420401B0B08","传热学","B类((理论+实践)课)","108","6","是"
"222","420401B0B09","油气管道输送","B类((理论+实践)课)","108","6","是"
"223","420401B0B10","储运油料技术","B类((理论+实践)课)","108","6","是"
"224","420401B0B11","油气集输技术","B类((理论+实践)课)","108","6","是"
"225","420401B0B12","油气集输","B类((理论+实践)课)","72","4","是"
"226","420401B0B13","管罐施工与管理","B类((理论+实践)课)","72","4","是"
"227","420401B0B14","LNG技术","B类((理论+实践)课)","108","6","是"
"228","420401B0B15","城市天然气工程","B类((理论+实践)课)","108","6","是"
"229","420401B0B16","毕业综合训练","B类((理论+实践)课)","180","10","是"
"230","420401B0B17","输气管道工艺与管理","B类((理论+实践)课)","108","6","是"
"231","420401B0B18","油气储运设备","B类((理论+实践)课)","48","4","是"
"232","420401B0C17","认识实习","C类(纯实践课)","30","1","是"
"233","420401B0C18","社会实践","C类(纯实践课)","30","1","是"
"234","420401B0C19","储运技能训练","C类(纯实践课)","30","1","是"
"235","420401B0C20","储运仿真训练","C类(纯实践课)","30","1","是"
"236","420401B0C21","储运安全训练","C类(纯实践课)","60","2","是"
"237","420401B0C22","毕业设计","C类(纯实践课)","180","6","是"
"238","420401B0C23","顶岗实习","C类(纯实践课)","480","16","是"
"239","420401ZXA01","油气储存与销售","B类((理论+实践)课)","36","2","是"
"240","420401ZXA02","石油化学","B类((理论+实践)课)","36","2","是"
"241","420401ZXA07","加油（气）站管理","A类(纯理论课)","56","2","是"
"242","420401ZXA08","城市燃气输配","A类(纯理论课)","56","2","是"
"243","460102B0A01","公差配合与测量","A类(纯理论课)","72","4","是"
"244","460102B0A02","机械制图与CAD","A类(纯理论课)","72","4","是"
"245","460102B0A02-1","机械制图与CAD-1","A类(纯理论课)","72","4","是"
"246","460102B0A02-2","机械制图与CAD-2","A类(纯理论课)","72","4","是"
"247","460102B0A03","电工电子技术基础","A类(纯理论课)","108","6","是"
"248","460102B0A04","机械制造基础","A类(纯理论课)","72","4","是"
"249","460102B0A05","机械设计基础","A类(纯理论课)","108","6","是"
"250","460102B0A06","产品制造技术基础","A类(纯理论课)","72","4","是"
"251","460102B0B01","逆向设计","B类((理论+实践)课)","72","4","是"
"252","460102B0B02","机械产品三维设计基础","B类((理论+实践)课)","108","6","是"
"253","460102B0B03","产品优化设计","B类((理论+实践)课)","72","6","是"
"254","460102B0B04","增材制造技术","B类((理论+实践)课)","72","4","是"
"255","460102B0B05","机械产品造型设计","B类((理论+实践)课)","144","8","是"
"256","460102B0B06","数字化设计与制造技术概论","B类((理论+实践)课)","108","6","是"
"257","460102B0B07","产品数字化设计与3D打印","B类((理论+实践)课)","72","4","是"
"258","460102B0B08","数控铣床编程与操作","B类((理论+实践)课)","72","4","是"
"259","460102B0B09","数控铣床编程与操作","B类((理论+实践)课)","72","4","是"
"260","460102B0C01","数控车床编程与操作","B类((理论+实践)课)","72","4","是"
"261","460102B0C02","毕业设计","C类(纯实践课)","180","6","是"
"262","460102B0C03","金工综合实训","C类(纯实践课)","30","1","是"
"263","460102B0C04","产品数字化设计与3D打印（实训）","C类(纯实践课)","60","2","是"
"264","460102ZXA01","塑料模具设计（限选）","A类(纯理论课)","36","2","是"
"265","460102ZXB01","产品质量检测（限选）","B类((理论+实践)课)","96","6","是"
"266","460102ZXB02","计算机辅助工艺设计（限选）","B类((理论+实践)课)","72","4","是"
"267","460102ZXB03","智能制造概论","B类((理论+实践)课)","144","8","是"
"268","460104B0A01","公差配合与测量","A类(纯理论课)","36","4","是"
"269","460104B0A02","机械识图与绘制","B类((理论+实践)课)","72","4","是"
"270","460104B0A02-1","机械识图与绘制-1","B类((理论+实践)课)","72","4","是"
"271","460104B0A02-2","机械识图与绘制-2","B类((理论+实践)课)","72","4","是"
"272","460104B0A03","电工电子技术基础","B类((理论+实践)课)","54","4","是"
"273","460104B0A04","工程力学","A类(纯理论课)","72","4","是"
"274","460104B0A05","机械制造基础","A类(纯理论课)","108","6","是"
"275","460104B0A06","工程材料及热处理","B类((理论+实践)课)","72","4","是"
"276","460104B0A07","CAD制图","B类((理论+实践)课)","72","4","是"
"277","460104B0B01","机械制造工艺","A类(纯理论课)","72","4","是"
"278","460104B0B02","液压与气动","B类((理论+实践)课)","108","6","是"
"279","460104B0B03","机械CAD及CAM应用","B类((理论+实践)课)","108","6","是"
"280","460104B0B04","钳工工艺与技能训练","B类((理论+实践)课)","72","4","是"
"281","460104B0B05","机床电气与PLC控制技术","B类((理论+实践)课)","144","8","是"
"282","460104B0B06","机电设备故障诊断与维修","B类((理论+实践)课)","108","6","是"
"283","460104B0B07","自动控制原理与系统","A类(纯理论课)","72","4","是"
"284","460104B0B08","金属切削机床（普车）","B类((理论+实践)课)","144","8","是"
"285","460104B0B09","数控加工工艺及编程","B类((理论+实践)课)","144","8","是"
"286","460104B0B10","工装夹具设计","B类((理论+实践)课)","72","4","是"
"287","460104B0B12","机械零件数字化设计","B类((理论+实践)课)","72","4","是"
"288","460104B0C02","毕业设计","C类(纯实践课)","180","6","是"
"289","460104B0C03","金工综合实训","C类(纯实践课)","30","1","是"
"290","460104B0C04","1+X机械产品三维设计","B类((理论+实践)课)","72","4","是"
"291","460104B0C05","数控加工技能训练","C类(纯实践课)","144","8","是"
"292","460104ZXA01","产品质量检测（限选）","A类(纯理论课)","36","2","是"
"293","460104ZXA02","创新创业教育（任选）","A类(纯理论课)","34","1","是"
"294","460104ZXA02-1","创新创业教育（任选）-1","A类(纯理论课)","34","1","是"
"295","460104ZXA02-2","创新创业教育（任选）-2","A类(纯理论课)","34","1","是"
"296","460104ZXB01","单片机应用技术（限选）","B类((理论+实践)课)","108","6","是"
"297","460104ZXB02","现代机械装配技术（限选）","B类((理论+实践)课)","72","4","是"
"298","460104ZXB03","工业机器人编程","B类((理论+实践)课)","96","6","是"
"299","460104ZXB04","智能制造技术基础","B类((理论+实践)课)","72","4","是"
"300","460110B0A04","电工基础","A类(纯理论课)","48","3","是"
"301","460110B0A05","熔焊原理","A类(纯理论课)","72","3","是"
"302","460110B0A06","材料焊接性","A类(纯理论课)","108","6","是"
"303","460110B0A07","焊接自动化技术及应用","A类(纯理论课)","144","8","是"
"304","460110B0B01","机械识图与CAD绘制","B类((理论+实践)课)","72","4","是"
"305","460110B0B01-1","机械识图与CAD绘制-1","B类((理论+实践)课)","72","4","是"
"306","460110B0B01-2","机械识图与CAD绘制-2","B类((理论+实践)课)","72","4","是"
"307","460110B0B02","焊接冶金与焊接性","B类((理论+实践)课)","72","4","是"
"308","460110B0B03","焊接检验","B类((理论+实践)课)","72","4","是"
"309","460110B0B04","焊接工装夹具设计及应用","B类((理论+实践)课)","108","4","是"
"310","460110B0B05","现代弧焊电源及其控制","B类((理论+实践)课)","144","4","是"
"311","460110B0B06","压焊方法及设备","B类((理论+实践)课)","144","8","是"
"312","460110B0B07","焊接结构与生产","B类((理论+实践)课)","96","5","是"
"313","460110B0B08","焊接自动化与机器人焊接","B类((理论+实践)课)","144","7","是"
"314","460110B0B09","钳工工艺及技能训练","B类((理论+实践)课)","72","4","是"
"315","460110B0B10","电工技能实训","B类((理论+实践)课)","48","3","是"
"316","460110B0B11","金属材料焊接","B类((理论+实践)课)","96","5","是"
"317","460110B0B12","焊接质量检验","B类((理论+实践)课)","72","4","是"
"318","460110B0B13","焊接结构与生产","B类((理论+实践)课)","96","8","是"
"319","460110B0C02","毕业设计","C类(纯实践课)","180","6","是"
"320","460110B0C03","金工综合实训","C类(纯实践课)","30","1","是"
"321","460110B0C05","焊接操作实训","C类(纯实践课)","108","6","是"
"322","460110B0C06","跟岗实习","C类(纯实践课)","120","4","是"
"323","460110BOA01","机械制造基础","A类(纯理论课)","72","4","是"
"324","460110BOA02","机械设计基础","A类(纯理论课)","108","6","是"
"325","460110BOA03","工程力学","A类(纯理论课)","72","4","是"
"326","460110BOA04","金属材料及热处理","A类(纯理论课)","108","4","是"
"327","460110ZXA01","现代焊接设备分析（限选）","A类(纯理论课)","36","2","是"
"328","460110ZXA02","焊接创新设计（限选）","A类(纯理论课)","28","2","是"
"329","460110ZXB01","焊接生产管理（限选）","B类((理论+实践)课)","72","2","是"
"330","460110ZXB02","焊接工程缺陷分析（限选）","B类((理论+实践)课)","36","2","是"
"331","460110ZXB03","先进焊接方法（限选）","B类((理论+实践)课)","36","2","是"
"332","460110ZXB04","机器人焊接技术","B类((理论+实践)课)","108","6","是"
"333","460110ZXB05","金属材料喷涂及喷焊技术","B类((理论+实践)课)","36","2","是"
"334","460110ZXB06","特种焊接技术（限选）","B类((理论+实践)课)","36","2","是"
"335","460110ZXB07","焊接中级工（实操）","B类((理论+实践)课)","72","4","是"
"336","460301B0A01","电工电子技术基础","B类((理论+实践)课)","72","4","是"
"337","460301B0A01-1","电工电子技术基础-1","B类((理论+实践)课)","72","4","是"
"338","460301B0A01-2","电工电子技术基础-2","B类((理论+实践)课)","72","4","是"
"339","460301B0A02","机械识图与CAD绘制","B类((理论+实践)课)","72","4","是"
"340","460301B0A02-1","机械识图与CAD绘制-1","B类((理论+实践)课)","72","4","是"
"341","460301B0A02-2","机械识图与CAD绘制-2","B类((理论+实践)课)","72","4","是"
"342","460301B0A03","电工仪表与测量","B类((理论+实践)课)","72","4","是"
"343","460301B0A04","机械设计基础","A类(纯理论课)","72","4","是"
"344","460301B0A05","液压与气压传动","B类((理论+实践)课)","108","6","是"
"345","460301B0A06","电机与拖动","B类((理论+实践)课)","144","8","是"
"346","460301B0A07","传感器与自动检测技术","B类((理论+实践)课)","72","4","是"
"347","460301B0A08","机械制造技术基础","A类(纯理论课)","72","4","是"
"348","460301B0B01","电气控制系统与可编程控制器","B类((理论+实践)课)","144","8","是"
"349","460301B0B02","运动控制技术","B类((理论+实践)课)","72","4","是"
"350","460301B0B03","典型机电设备安装与调试","B类((理论+实践)课)","144","8","是"
"351","460301B0B04","机电设备故障诊断与维修","B类((理论+实践)课)","108","6","是"
"352","460301B0B05","机电一体化技术","B类((理论+实践)课)","108","6","是"
"353","460301B0B06","钳工工艺及技能训练","B类((理论+实践)课)","72","4","是"
"354","460301B0B07","维修电工技能训练","B类((理论+实践)课)","108","6","是"
"355","460301B0B08","金属材料焊接","B类((理论+实践)课)","108","6","是"
"356","460301B0B09","工业机器人","B类((理论+实践)课)","84","6","是"
"357","460301B0B10","自动生产线安装与调试","B类((理论+实践)课)","84","6","是"
"358","460301B0C02","毕业设计","C类(纯实践课)","180","6","是"
"359","460301B0C03","金工综合实训","C类(纯实践课)","30","1","是"
"360","460301B0C05","1+X机械产品三维模型设计（中级）","C类(纯实践课)","72","4","是"
"361","460301ZXA01","工厂供配电技术（限选）","A类(纯理论课)","36","2","是"
"362","460301ZXA02","数控加工工艺及编程（限选）","B类((理论+实践)课)","108","6","是"
"363","460301ZXA03","机电产品营销（限选）","A类(纯理论课)","36","2","是"
"364","460301ZXA04","创新创业教育（任选）","A类(纯理论课)","4","0.5","是"
"365","460301ZXA05","模具数字化设计与制造技术（限选）","B类((理论+实践)课)","108","6","是"
"366","460301ZXB01","单片机应用技术（限选）","B类((理论+实践)课)","108","6","是"
"367","460306B0A01","机械基础","A类(纯理论课)","144","8","是"
"368","460306B0A02","自动控制原理","A类(纯理论课)","108","6","是"
"369","460306B0A03","供配电技术","A类(纯理论课)","72","6","是"
"370","460306B0A04","电力系统分析","A类(纯理论课)","72","4","是"
"371","460306B0A05","自动控制系统","A类(纯理论课)","108","4","是"
"372","460306B0A06","工业网络与组态技术","A类(纯理论课)","108","6","是"
"373","460306B0A07","C语言程序设计与应用","B类((理论+实践)课)","72","6","是"
"374","460306B0A08","电路原理","B类((理论+实践)课)","104","6","是"
"375","460306B0B01","电工基础","B类((理论+实践)课)","72","4","是"
"376","460306B0B02","电气与电子绘图","B类((理论+实践)课)","72","4","是"
"377","460306B0B03","电子技术","B类((理论+实践)课)","72","4","是"
"378","460306B0B04","传感器与检测技术","B类((理论+实践)课)","108","6","是"
"379","460306B0B05","电力电子技术","B类((理论+实践)课)","72","4","是"
"380","460306B0B06","电气控制技术","B类((理论+实践)课)","144","8","是"
"381","460306B0B07","可编程控制器","B类((理论+实践)课)","72","4","是"
"382","460306B0B08","变频器技术","B类((理论+实践)课)","108","6","是"
"383","460306B0B09","典型生产线安装与调试","B类((理论+实践)课)","144","8","是"
"384","460306B0B10","电机与拖动","B类((理论+实践)课)","144","8","是"
"385","460306B0B11","电气CAD","B类((理论+实践)课)","72","4","是"
"386","460306B0B12","自动调速系统","B类((理论+实践)课)","72","4","是"
"387","460306B0B13","电气控制与PLC应用技术","B类((理论+实践)课)","144","4","是"
"388","460306B0B14","电气运行","B类((理论+实践)课)","72","4","是"
"389","460306B0C02","毕业设计","C类(纯实践课)","180","6","是"
"390","460306B0C03","维修电工综合实训","C类(纯实践课)","60","2","是"
"391","460306B0C04","钳工技能训练（限选）","C类(纯实践课)","72","4","是"
"392","460306B0C05","跟岗实习","C类(纯实践课)","120","7","是"
"393","460306B0C06","电工电子技能综合训练","B类((理论+实践)课)","72","4","是"
"394","460306B0C07","电子设计与实践","B类((理论+实践)课)","72","2","是"
"395","460306ZHC01","劳动教育实践1","C类(纯实践课)","2","0.6","是"
"396","460306ZHC02","劳动教育实践2","C类(纯实践课)","2","0.6","是"
"397","460306ZHC03","劳动教育实践3","C类(纯实践课)","2","0.6","是"
"398","460306ZHC04","劳动教育实践4","C类(纯实践课)","2","0.6","是"
"399","460306ZHC05","劳动教育实践5","C类(纯实践课)","2","0.6","是"
"400","460306ZXA01","智能制造与控制技术（限选）","A类(纯理论课)","72","4","是"
"401","460306ZXA02","电业安全（限选）","A类(纯理论课)","72","4","是"
"402","460306ZXB01","工业机器人应用技术（限选）","B类((理论+实践)课)","108","6","是"
"403","460306ZXB02","触摸屏应用技术 （限选）","B类((理论+实践)课)","72","4","是"
"404","460306ZXB03","现代电气控制系统装调 （限选）","B类((理论+实践)课)","144","8","是"
"405","460306ZXB04","C语言（限选）","B类((理论+实践)课)","72","4","是"
"406","460306ZXB05","单片机（限选）","B类((理论+实践)课)","72","4","是"
"407","460306ZXB06","智能应用技术（任选）","B类((理论+实践)课)","72","2","是"
"408","470201B0A01","无机化学及分析","B类((理论+实践)课)","108","6","是"
"409","470201B0A02","有机化学","B类((理论+实践)课)","108","6","是"
"410","470201B0A03","物理化学","B类((理论+实践)课)","108","6","是"
"411","470201B0A04","化工HSE与清洁生产","B类((理论+实践)课)","72","4","是"
"412","470201B0A05","化学反应过程及设备","B类((理论+实践)课)","108","6","是"
"413","470201B0A06","化工企业管理","B类((理论+实践)课)","72","4","是"
"414","470201B0A09","化工设备基础","B类((理论+实践)课)","108","6","是"
"415","470201B0A11","煤化工工艺","B类((理论+实践)课)","108","6","是"
"416","470201B0A15","石油化工工艺学","B类((理论+实践)课)","108","6","是"
"417","470201B0B01","工业分析技术","B类((理论+实践)课)","108","6","是"
"418","470201B0B02","化工仪表及自动化技术","B类((理论+实践)课)","108","6","是"
"419","470201B0B03","化工生产DCS操作","B类((理论+实践)课)","108","6","是"
"420","470201B0B04","化工制图","B类((理论+实践)课)","108","6","是"
"421","470201B0B05","化工产品检验","B类((理论+实践)课)","108","6","是"
"422","470201B0B06","化工安全技术","B类((理论+实践)课)","72","4","是"
"423","470201B0B07","化工仪表及自动化","B类((理论+实践)课)","108","6","是"
"424","470201B0B08","化工单元操作Ⅰ","B类((理论+实践)课)","108","6","是"
"425","470201B0B10","化工单元操作Ⅱ","B类((理论+实践)课)","108","6","是"
"426","470201B0B10-1","物理化学1","B类((理论+实践)课)","108","6","是"
"427","470201B0B10-2","物理化学2","B类((理论+实践)课)","108","6","是"
"428","470201B0B12","化工单元仿真","B类((理论+实践)课)","108","6","是"
"429","470201B0B13","化工生产技术","B类((理论+实践)课)","72","4","是"
"430","470201B0B13-1","化工单元操作1","B类((理论+实践)课)","108","6","是"
"431","470201B0B13-2","化工单元操作2","B类((理论+实践)课)","108","6","是"
"432","470201B0B14","化工安全生产技术","B类((理论+实践)课)","72","4","是"
"433","470201B0B16","化工生产过程操作与控制","B类((理论+实践)课)","180","10","是"
"434","470201B0B17","毕业设计与答辩","B类((理论+实践)课)","72","6","是"
"435","470201B0B38-01","化工单元操作1","B类((理论+实践)课)","108","6","是"
"436","470201B0B38-02","化工单元操作2","B类((理论+实践)课)","108","6","是"
"437","470201B0B39","化工生产DSC操作","B类((理论+实践)课)","108","6","是"
"438","470201B0B40","有机化工生产技术","B类((理论+实践)课)","108","6","是"
"439","470201B0B41","化工安全生产技术","B类((理论+实践)课)","108","6","是"
"440","470201B0B42","煤化工工艺","B类((理论+实践)课)","108","6","是"
"441","470201B0B43","化工生产技术","B类((理论+实践)课)","72","4","是"
"442","470201B0B44","工业分析","B类((理论+实践)课)","108","6","是"
"443","470201B0B45","化学反应过程及设备","B类((理论+实践)课)","108","6","是"
"444","470201B0C18","化学实验基本技术实训","C类(纯实践课)","30","1","是"
"445","470201B0C19","社会实践","C类(纯实践课)","30","1","是"
"446","470201B0C20","化工生产基本操作实训","C类(纯实践课)","30","1","是"
"447","470201B0C21","仪表认识及操作实训","C类(纯实践课)","30","1","是"
"448","470201B0C22","化工工艺仿真综合实训","C类(纯实践课)","60","2","是"
"449","470201B0C46","化工总控操作技术","B类((理论+实践)课)","324","18","是"
"450","470201GXA03","书法艺术与规范写字","A类(纯理论课)","56","4","是"
"451","470201GXB04","社交与礼仪","C类(纯实践课)","28","2","是"
"452","470201GXB05","营养与健康","A类(纯理论课)","28","2","是"
"453","470201GXC06","象棋文化与技术","C类(纯实践课)","28","2","是"
"454","470201ZXA01","化工企业管理","B类((理论+实践)课)","36","2","是"
"455","470201ZXA02","现代信息技术及应用","B类((理论+实践)课)","36","2","是"
"456","470201ZXA03","化工物料输送与控制技术","B类((理论+实践)课)","36","2","是"
"457","470201ZXA04","化工传热与控制技术","B类((理论+实践)课)","36","2","是"
"458","470201ZXA05","城市燃气输配","B类((理论+实践)课)","36","2","是"
"459","470201ZXA06","储运油料技术","B类((理论+实践)课)","36","2","是"
"460","470201ZXA07","危险化学品安全管理","A类(纯理论课)","56","4","是"
"461","470201ZXA08","食品快速检测技术
（任选）","A类(纯理论课)","56","2","是"
"462","470208B0A01","无机化学","B类((理论+实践)课)","108","6","是"
"463","470208B0A02","有机化学","B类((理论+实践)课)","108","6","是"
"464","470208B0A03","物理化学","B类((理论+实践)课)","108","6","是"
"465","470208B0A04","实验室安全技术","B类((理论+实践)课)","72","4","是"
"466","470208B0A05","典型工业原料与产品分析","B类((理论+实践)课)","108","6","是"
"467","470208B0A06","化验室组织与管理","B类((理论+实践)课)","72","4","是"
"468","470208B0A09","化工制图","B类((理论+实践)课)","108","6","是"
"469","470208B0A11","有机分析","B类((理论+实践)课)","108","6","是"
"470","470208B0A15","油品分析技术","B类((理论+实践)课)","108","6","是"
"471","470208B0A16","典型工业原料与产品分析","A类(纯理论课)","108","6","是"
"472","470208B0B01","分析检验样品制备技术","B类((理论+实践)课)","108","6","是"
"473","470208B0B02","仪器分析","B类((理论+实践)课)","108","6","是"
"474","470208B0B03","分析检验的质量保证与认证","B类((理论+实践)课)","72","4","是"
"475","470208B0B04","化学分析技术","B类((理论+实践)课)","108","6","是"
"476","470208B0B05","分析样品制备技术","B类((理论+实践)课)","108","6","是"
"477","470208B0B07","仪器分析技术","B类((理论+实践)课)","108","6","是"
"478","470208B0B08","化工单元操作","B类((理论+实践)课)","108","6","是"
"479","470208B0B10","化工工艺","B类((理论+实践)课)","108","6","是"
"480","470208B0B12","油品分析技术","B类((理论+实践)课)","108","6","是"
"481","470208B0B13","食品分析与检测","B类((理论+实践)课)","72","4","是"
"482","470208B0B14","分析检验质量保证与监控","B类((理论+实践)课)","72","4","是"
"483","470208B0B16","毕业综合训练","B类((理论+实践)课)","180","10","是"
"484","470208B0B17","化工企业管理","B类((理论+实践)课)","72","4","是"
"485","470208B0C18","基础化学实验技术","C类(纯实践课)","30","1","是"
"486","470208B0C20","分析检验用电设施使用","C类(纯实践课)","30","1","是"
"487","470208B0C21","仪器分析综合技能实训","C类(纯实践课)","30","1","是"
"488","470208B0C22","化工工艺仿真综合实训","C类(纯实践课)","60","2","是"
"489","470208ZXA01","微生物基础与检验技术","B类((理论+实践)课)","36","2","是"
"490","470208ZXA02","化验室组织与管理","B类((理论+实践)课)","36","2","是"
"491","470208ZXA03","计量与标准化基础","B类((理论+实践)课)","36","2","是"
"492","470208ZXA04","煤质检验","B类((理论+实践)课)","36","2","是"
"493","470208ZXA07","工业分析专业英语
（任选）","A类(纯理论课)","56","4","是"
"494","470208ZXA08","食品快速检测技术
（任选）","A类(纯理论课)","56","2","是"
"495","470209B0A01","大学化学","B类((理论+实践)课)","108","6","是"
"496","470209B0A02","化工制图","B类((理论+实践)课)","108","6","是"
"497","470209B0A03","电工与电子技术","B类((理论+实践)课)","108","6","是"
"498","470209B0A04","基础化学","B类((理论+实践)课)","108","6","是"
"499","470209B0A05","过程控制技术","B类((理论+实践)课)","108","6","是"
"500","470209B0A06","化工企业管理","B类((理论+实践)课)","72","4","是"
"501","470209B0A07","化工反应过程及设备","A类(纯理论课)","108","6","是"
"502","470209B0A08","化工自动化技术","B类((理论+实践)课)","108","6","是"
"503","470209B0A09","化工仪表及自动化","B类((理论+实践)课)","108","6","是"
"504","470209B0A10","化工HSE与清洁生产","B类((理论+实践)课)","72","4","是"
"505","470209B0A11","过程装备控制技术","B类((理论+实践)课)","108","6","是"
"506","470209B0A15","石油化工工艺学","B类((理论+实践)课)","108","6","是"
"507","470209B0B01","化工设备与维护","B类((理论+实践)课)","108","6","是"
"508","470209B0B02","计算机网络技术","B类((理论+实践)课)","72","4","是"
"509","470209B0B03","化工安全与环保技术","B类((理论+实践)课)","108","6","是"
"510","470209B0B04","计算机网络与通信","B类((理论+实践)课)","108","6","是"
"511","470209B0B05","化工设备基础","B类((理论+实践)课)","108","6","是"
"512","470209B0B06","化工生产 DCS 操作","B类((理论+实践)课)","108","6","是"
"513","470209B0B07","化工设备","B类((理论+实践)课)","108","6","是"
"514","470209B0B08","化工单元操作2","B类((理论+实践)课)","108","6","是"
"515","470209B0B09","化工智能化应用技术","B类((理论+实践)课)","72","4","是"
"516","470209B0B10","化工安全生产技术","B类((理论+实践)课)","108","6","是"
"517","470209B0B12","化工单元仿真","B类((理论+实践)课)","108","6","是"
"518","470209B0B13","智能工厂集成系统","B类((理论+实践)课)","72","4","是"
"519","470209B0B14","计算机智能控制系统","B类((理论+实践)课)","72","4","是"
"520","470209B0B16","化工生产过程操作与控制","B类((理论+实践)课)","180","10","是"
"521","470209ZXA01","化工企业管理","B类((理论+实践)课)","36","2","是"
"522","470209ZXA02","数据库应用基础","B类((理论+实践)课)","36","2","是"
"523","470209ZXA03","大数据分析及应用","B类((理论+实践)课)","36","2","是"
"524","470209ZXA04","Python 编程语言","B类((理论+实践)课)","36","2","是"
"525","470209ZXA07","工业分析专业英语
（任选）","A类(纯理论课)","56","4","是"
"526","470209ZXA08","食品快速检测技术
（任选）","A类(纯理论课)","56","2","是"
"527","500210B0A01","汽车机械制图","B类((理论+实践)课)","68","4","是"
"528","500210B0A02","汽车机械基础","B类((理论+实践)课)","68","4","是"
"529","500210B0A03","汽车文化","A类(纯理论课)","34","2","是"
"530","500210B0A04","汽车实用英语","A类(纯理论课)","64","4","是"
"531","500210B0A05","汽车电工与电子技术","B类((理论+实践)课)","64","4","是"
"532","500210B0A06","汽车法律法规","A类(纯理论课)","64","4","是"
"533","500210B0B01","汽车使用与维护","B类((理论+实践)课)","64","4","是"
"534","500210B0B02","汽车结构与拆装（一）","B类((理论+实践)课)","96","6","是"
"535","500210B0B03","汽车维修业务接待","B类((理论+实践)课)","72","4","是"
"536","500210B0B04","汽车营销","B类((理论+实践)课)","108","6","是"
"537","500210B0B05","汽车结构与拆装（二）","B类((理论+实践)课)","108","6","是"
"538","500210B0B06","汽车保险与理赔","B类((理论+实践)课)","72","4","是"
"539","500210B0B07","汽车鉴定与评估","B类((理论+实践)课)","72","4","是"
"540","500210B0B08","谈判与推销技巧","B类((理论+实践)课)","72","4","是"
"541","500210B0B09","市场营销学","B类((理论+实践)课)","96","6","是"
"542","500210B0B10","汽车配件及营销","B类((理论+实践)课)","64","4","是"
"543","500210B0B11","汽车销售礼仪","B类((理论+实践)课)","64","4","是"
"544","500210B0B12","汽车运用与维修（初级1+X职业技能等级证书）","B类((理论+实践)课)","60","2","是"
"545","500210B0B13","汽车维修企业管理","B类((理论+实践)课)","72","4","是"
"546","500210B0C04","毕业设计","C类(纯实践课)","180","6","是"
"547","500210ZXA01","新能源汽车（限选）","B类((理论+实践)课)","64","4","是"
"548","500210ZXA02","汽车车身维修技术（限选）","B类((理论+实践)课)","72","4","是"
"549","500210ZXA03","汽车底盘构造与维修（限选）","B类((理论+实践)课)","36","2","是"
"550","500210ZXA04","汽车发动机构造与维修（限选）","B类((理论+实践)课)","36","2","是"
"551","500210ZXA05","汽车电器构造维修（任选）","B类((理论+实践)课)","32","2","是"
"552","500210ZXA06","汽车新技术（任选）","C类(纯实践课)","36","2","是"
"553","500210ZXA07","汽车安全与舒适系统检修","A类(纯理论课)","36","2","是"
"554","500211B0A01","汽车机械制图","B类((理论+实践)课)","68","4","是"
"555","500211B0A02","汽车机械基础","B类((理论+实践)课)","68","4","是"
"556","500211B0A03","汽车文化","A类(纯理论课)","34","2","是"
"557","500211B0A04","汽车实用英语","A类(纯理论课)","64","4","是"
"558","500211B0A05","汽车电工与电子技术","B类((理论+实践)课)","64","4","是"
"559","500211B0B01","汽车使用与维护","B类((理论+实践)课)","64","4","是"
"560","500211B0B02","汽车结构与拆装（一）","B类((理论+实践)课)","96","6","是"
"561","500211B0B03","汽车维修业务接待","B类((理论+实践)课)","72","4","是"
"562","500211B0B04","汽车发动机构造与维修","B类((理论+实践)课)","108","6","是"
"563","500211B0B05","汽车结构与拆装（二）","B类((理论+实践)课)","108","6","是"
"564","500211B0B06","汽车底盘构造与维修","B类((理论+实践)课)","72","4","是"
"565","500211B0B07","汽车电器构造维修","B类((理论+实践)课)","72","4","是"
"566","500211B0B08","汽车自动变速器维修","B类((理论+实践)课)","72","4","是"
"567","500211B0B09","汽车车载网络技术","B类((理论+实践)课)","96","6","是"
"568","500211B0B10","汽车空调维修","B类((理论+实践)课)","64","4","是"
"569","500211B0B11","汽车性能与检测","B类((理论+实践)课)","64","4","是"
"570","500211B0B12","汽车运用与维修（初级1+X职业技能等级证书）","B类((理论+实践)课)","60","2","是"
"571","500211B0B13","汽车故障诊断技术","B类((理论+实践)课)","56","4","是"
"572","500211B0B14","汽车安全与舒适系统检修","B类((理论+实践)课)","72","4","是"
"573","500211B0C01","认识实习","C类(纯实践课)","30","1","是"
"574","500211B0C02","金工实习","C类(纯实践课)","60","2","是"
"575","500211B0C04","毕业设计","C类(纯实践课)","180","6","是"
"576","500211ZXA01","新能源汽车（限选）","B类((理论+实践)课)","64","4","是"
"577","500211ZXA02","汽车车身维修技术（限选）","B类((理论+实践)课)","72","4","是"
"578","500211ZXA03","汽车保险与理赔（限选）","B类((理论+实践)课)","36","2","是"
"579","500211ZXA04","汽车配件及营销（限选）","B类((理论+实践)课)","36","2","是"
"580","500211ZXA05","汽车鉴定与评估（任选）","B类((理论+实践)课)","32","2","是"
"581","500211ZXA06","汽车新技术（任选）","A类(纯理论课)","36","2","是"
"582","500212B0A01","汽车机械制图","A类(纯理论课)","68","4","是"
"583","500212B0A02","汽车机械基础","A类(纯理论课)","68","4","是"
"584","500212B0A03","新能源汽车概论","A类(纯理论课)","34","2","是"
"585","500212B0A04","汽车电子控制原理及应用","A类(纯理论课)","64","4","是"
"586","500212B0A05","汽车电工与电子技术","A类(纯理论课)","64","4","是"
"587","500212B0B01","汽车结构与拆装","B类((理论+实践)课)","102","6","是"
"588","500212B0B01-1","汽车结构与拆装-1","B类((理论+实践)课)","102","6","是"
"589","500212B0B01-2","汽车结构与拆装-2","B类((理论+实践)课)","102","6","是"
"590","500212B0B02","新能源汽车电机与控制","B类((理论+实践)课)","108","6","是"
"591","500212B0B03","汽车电路分析与检测","B类((理论+实践)课)","72","4","是"
"592","500212B0B04","新能源汽车底盘技术与检修","B类((理论+实践)课)","108","6","是"
"593","500212B0B05","动力电池及能量管理技术","B类((理论+实践)课)","72","4","是"
"594","500212B0B06","新能源汽车空调维修","B类((理论+实践)课)","72","4","是"
"595","500212B0B07","新能源汽车维护与保养","B类((理论+实践)课)","108","6","是"
"596","500212B0B08","汽车车载网络技术","B类((理论+实践)课)","84","6","是"
"597","500212B0B09","新能源汽车综合故障诊断","B类((理论+实践)课)","84","6","是"
"598","500212B0B10","汽车维修电工（初级1+X职业技能等级证书）","B类((理论+实践)课)","56","4","是"
"599","500212B0B14","新能源汽车整车控制技术","B类((理论+实践)课)","72","4","是"
"600","500212B0C01","认识实习","C类(纯实践课)","30","1","是"
"601","500212B0C02","金工实习","C类(纯实践课)","60","2","是"
"602","500212B0C03","顶岗实习","C类(纯实践课)","480","16","是"
"603","500212B0C04","毕业设计","C类(纯实践课)","180","6","是"
"604","500212ZXA01","汽车维修业务接待","A类(纯理论课)","72","4","是"
"605","500212ZXA03","汽车保险与理赔","A类(纯理论课)","36","2","是"
"606","500212ZXA04","汽车配件及营销","A类(纯理论课)","36","2","是"
"607","500212ZXA05","汽车鉴定与评估","A类(纯理论课)","28","2","是"
"608","500212ZXA06","汽车安全与舒适系统检修","A类(纯理论课)","72","4","是"
"609","510102B0A01","电工电子技术","A类(纯理论课)","144","4","是"
"610","510102B0A02","计算机英语","A类(纯理论课)","36","2","是"
"611","510102B0A03","物联网概论","A类(纯理论课)","74","4","是"
"612","510102B0B01","C语言程序设计","B类((理论+实践)课)","72","4","是"
"613","510102B0B02","计算机网络基础","B类((理论+实践)课)","72","4","是"
"614","510102B0B03","单片机技术","B类((理论+实践)课)","72","4","是"
"615","510102B0B04","路由交换技术","B类((理论+实践)课)","108","6","是"
"616","510102B0B05","数据库基础","B类((理论+实践)课)","72","4","是"
"617","510102B0B06","传感器应用技术","B类((理论+实践)课)","108","6","是"
"618","510102B0B07","嵌入式技术","B类((理论+实践)课)","72","6","是"
"619","510102B0B08","自动识别技术","B类((理论+实践)课)","108","6","是"
"620","510102B0B09","无线传感网应用技术","B类((理论+实践)课)","108","12","是"
"621","510102B0B10","物联网项目规划与实施","B类((理论+实践)课)","108","6","是"
"622","510102B0B11","物联网应用程序设计","B类((理论+实践)课)","108","6","是"
"623","510102B0B12","C 语言程序设计下","B类((理论+实践)课)","72","4","是"
"624","510102B0B13","数据结构","B类((理论+实践)课)","72","4","是"
"625","510102B0B14","微机原理","B类((理论+实践)课)","72","2","是"
"626","510102B0B15","传感器原理","B类((理论+实践)课)","108","6","是"
"627","510102B0B16","无线组网技术","B类((理论+实践)课)","108","6","是"
"628","510102B0C01","传感器应用综合实训","C类(纯实践课)","30","1","是"
"629","510102B0C02","物联网系统综合实训","C类(纯实践课)","30","1","是"
"630","510102B0C03","毕业设计","C类(纯实践课)","180","6","是"
"631","510102GXA03","创新创业教育（任选）","B类((理论+实践)课)","34","1","是"
"632","510102ZXA01","创新创业教育-专业方向（任选）","A类(纯理论课)","72","2","是"
"633","510102ZXB01","Java程序设计（限选）","B类((理论+实践)课)","72","2","是"
"634","510102ZXB02","物联网工程制图（限选）","B类((理论+实践)课)","72","4","是"
"635","510102ZXB03","物联网工程布线(限选）","B类((理论+实践)课)","72","8","是"
"636","510102ZXB04","现代通信技术(任选）","B类((理论+实践)课)","72","2","是"
"637","510102ZXB05","1+X物联网工程实施与运维","B类((理论+实践)课)","144","4","是"
"638","510107B0A01","汽车机械制图","B类((理论+实践)课)","68","4","是"
"639","510107B0A02","汽车机械基础","B类((理论+实践)课)","68","4","是"
"640","510107B0A03","C语言程序设计","B类((理论+实践)课)","68","4","是"
"641","510107B0A04","汽车实用英语","A类(纯理论课)","72","4","是"
"642","510107B0A05","汽车电工与电子技术","B类((理论+实践)课)","108","4","是"
"643","510107B0B01","汽车结构与拆装","B类((理论+实践)课)","108","6","是"
"644","510107B0B02","汽车维护与保养","B类((理论+实践)课)","108","6","是"
"645","510107B0B03","汽车单片机技术","B类((理论+实践)课)","72","4","是"
"646","510107B0B04","新能源汽车技术","B类((理论+实践)课)","72","4","是"
"647","510107B0B05","汽车维修业务接待","B类((理论+实践)课)","72","4","是"
"648","510107B0B06","汽车发动机构造与维修","B类((理论+实践)课)","108","6","是"
"649","510107B0B07","汽车底盘构造与维修","B类((理论+实践)课)","72","4","是"
"650","510107B0B08","汽车电器构造维修","B类((理论+实践)课)","72","4","是"
"651","510107B0B09","汽车车载网络技术","B类((理论+实践)课)","96","6","是"
"652","510107B0B10","汽车综合检测与诊断技术","B类((理论+实践)课)","64","4","是"
"653","510107B0B11","智能网联汽车技术","B类((理论+实践)课)","64","4","是"
"654","510107B0B12","汽车运用与维修（初级1+X职业技能等级证书）","B类((理论+实践)课)","60","2","是"
"655","510107B0B13","汽车电路分析与检测","B类((理论+实践)课)","72","4","是"
"656","510107B0B14","汽车安全与舒适系统检修","B类((理论+实践)课)","72","4","是"
"657","510107B0C01","认识实习","C类(纯实践课)","30","1","是"
"658","510107B0C03","毕业设计","C类(纯实践课)","180","6","是"
"659","510107ZXA01","EDA车载电子线路设计（限选）","B类((理论+实践)课)","64","4","是"
"660","510107ZXA02","汽车车身维修技术（限选）","B类((理论+实践)课)","72","4","是"
"661","510107ZXA03","汽车保险与理赔（限选）","B类((理论+实践)课)","36","2","是"
"662","510107ZXA04","汽车配件及营销（限选）","B类((理论+实践)课)","36","2","是"
"663","510107ZXA05","汽车鉴定与评估（限选）","B类((理论+实践)课)","32","2","是"
"664","510107ZXA06","汽车新技术（任选）","A类(纯理论课)","36","2","是"
"665","510202B0A01","计算机英语","A类(纯理论课)","36","2","是"
"666","510202B0B01","计算机硬件基础","B类((理论+实践)课)","72","4","是"
"667","510202B0B02","C 语言程序设计","B类((理论+实践)课)","72","4","是"
"668","510202B0B03","计算机网络基础","B类((理论+实践)课)","72","4","是"
"669","510202B0B04","数据库基础","B类((理论+实践)课)","72","4","是"
"670","510202B0B06","信息网络布线","B类((理论+实践)课)","72","4","是"
"671","510202B0B07","路由交换技术Ⅰ","B类((理论+实践)课)","72","4","是"
"672","510202B0B08","路由交换技术Ⅱ","B类((理论+实践)课)","68","4","是"
"673","510202B0B09","Linux操作系统管理","B类((理论+实践)课)","68","4","是"
"674","510202B0B10","网络安全设备配置与管理","B类((理论+实践)课)","102","6","是"
"675","510202B0B11","网络运行与维护","B类((理论+实践)课)","96","6","是"
"676","510202B0B12","网络系统集成","B类((理论+实践)课)","96","6","是"
"677","510202B0B13","SDN技术","B类((理论+实践)课)","96","6","是"
"678","510202B0B14","数据结构","B类((理论+实践)课)","72","8","是"
"679","510202B0B15","Java程序设计","B类((理论+实践)课)","108","6","是"
"680","510202B0B16","组装与维护","B类((理论+实践)课)","36","2","是"
"681","510202B0B17","C语言程序设计下","B类((理论+实践)课)","72","4","是"
"682","510202B0B18","云计算","B类((理论+实践)课)","108","6","是"
"683","510202B0B19","Python程序设计","B类((理论+实践)课)","36","6","是"
"684","510202B0B20","windows server 操作系统管理","B类((理论+实践)课)","72","4","是"
"685","510202B0B21","PHP网站开发技术","B类((理论+实践)课)","108","4","是"
"686","510202B0C01","网络构建与管理实训","C类(纯实践课)","60","2","是"
"687","510202B0C02","SDN架构搭建与应用创新开发实训","C类(纯实践课)","60","2","是"
"688","510202B0C03","1+X网络系统建设与运维初级（任选）","C类(纯实践课)","20","1","是"
"689","510202B0C04","1+X网络系统建设与运维中级（任选）","C类(纯实践课)","40","2","是"
"690","510202B0C05","毕业设计","C类(纯实践课)","180","30","是"
"691","510202B0C06","顶岗实习","C类(纯实践课)","360","12","是"
"692","510202ZXA01","创新创业教育-专业方向（任选）","A类(纯理论课)","72","2","是"
"693","510202ZXB01","HTML5+JavaScript程序设计（任选）","B类((理论+实践)课)","72","2","是"
"694","510202ZXB02","无线局域网组建（限选）","B类((理论+实践)课)","96","2","是"
"695","510202ZXB03","网络虚拟化技术（限选）","B类((理论+实践)课)","96","4","是"
"696","510202ZXB04","网络存储技术（限选）","B类((理论+实践)课)","96","4","是"
"697","510202ZXB05","操作系统（限选）","B类((理论+实践)课)","72","4","是"
"698","510203B0A01","计算机专业英语","A类(纯理论课)","36","2","是"
"699","510203B0A02","美学基础","A类(纯理论课)","72","2","是"
"700","510203B0B01","C语言程序设计","B类((理论+实践)课)","72","4","是"
"701","510203B0B02","图形图像处理","B类((理论+实践)课)","72","2","是"
"702","510203B0B03","数据库基础","B类((理论+实践)课)","72","4","是"
"703","510203B0B04","数据结构","B类((理论+实践)课)","72","4","是"
"704","510203B0B05","静态网页设计与制作","B类((理论+实践)课)","72","4","是"
"705","510203B0B06","Java程序设计","B类((理论+实践)课)","108","6","是"
"706","510203B0B07","MySQL数据库","B类((理论+实践)课)","72","4","是"
"707","510203B0B08","Java Web 应用开发","B类((理论+实践)课)","72","4","是"
"708","510203B0B09","Web前端开发","B类((理论+实践)课)","72","4","是"
"709","510203B0B10","软件测试技术","B类((理论+实践)课)","72","4","是"
"710","510203B0B11","UI设计基础","B类((理论+实践)课)","72","4","是"
"711","510203B0B12","移动应用开发","B类((理论+实践)课)","72","4","是"
"712","510203B0B13","HTML5+JavaScript程序设计","B类((理论+实践)课)","72","4","是"
"713","510203B0B14","搜索引擎优化技术","B类((理论+实践)课)","72","4","是"
"714","510203B0B15","嵌入式系统及应用","B类((理论+实践)课)","72","4","是"
"715","510203B0B16","网店运维（1+X）","B类((理论+实践)课)","144","8","是"
"716","510203B0B17","C语言程序设计下","B类((理论+实践)课)","72","4","是"
"717","510203B0B18","计算机组成原理","B类((理论+实践)课)","72","4","是"
"718","510203B0B19","计算机网络基础","B类((理论+实践)课)","72","4","是"
"719","510203B0B20","面向的对象程序开发","B类((理论+实践)课)","72","4","是"
"720","510203B0B21","Python","B类((理论+实践)课)","36","4","是"
"721","510203B0B22","操作系统","B类((理论+实践)课)","72","4","是"
"722","510203B0B23","UML建模","B类((理论+实践)课)","72","4","是"
"723","510203B0B24","软件工程","B类((理论+实践)课)","72","4","是"
"724","510203B0C01","Java开发综合实战","C类(纯实践课)","60","8","是"
"725","510203B0C02","Web前端综合实战","C类(纯实践课)","180","4","是"
"726","510203B0C03","毕业设计","C类(纯实践课)","480","30","是"
"727","510203ZXA01","创新创业教育-专业方向（任选）","A类(纯理论课)","72","2","是"
"728","510203ZXB01","实用项目管理（限选）","B类((理论+实践)课)","72","4","是"
"729","510203ZXB02","计算机网络基础（任选）","B类((理论+实践)课)","72","2","是"
"730","510203ZXB03","C/C++程序设计（限选）","B类((理论+实践)课)","72","4","是"
"731","510203ZXB04","微机原理及汇编语言程序设计（任选）","B类((理论+实践)课)","72","2","是"
"732","510203ZXB05","PHP","B类((理论+实践)课)","72","4","是"
"733","510203ZXB06","Unity游戏开发（限选）","B类((理论+实践)课)","36","2","是"
"734","510204B0A01","数字媒体技术概论","A类(纯理论课)","36","2","是"
"735","510204B0B01","设计基础","B类((理论+实践)课)","36","2","是"
"736","510204B0B02","图形图像处理","B类((理论+实践)课)","72","4","是"
"737","510204B0B03","C语言程序设计基础","B类((理论+实践)课)","72","4","是"
"738","510204B0B04","摄影基础","B类((理论+实践)课)","36","2","是"
"739","510204B0B05","数字绘画（CorelDRAW X5）","B类((理论+实践)课)","72","4","是"
"740","510204B0B06","广告创意","B类((理论+实践)课)","36","2","是"
"741","510204B0B07","交互设计基础","B类((理论+实践)课)","72","4","是"
"742","510204B0B08","非线性编辑","B类((理论+实践)课)","72","4","是"
"743","510204B0B09","JAVA程序设计","B类((理论+实践)课)","72","4","是"
"744","510204B0B10","三维动画制作","B类((理论+实践)课)","72","4","是"
"745","510204B0B11","后期合成","B类((理论+实践)课)","72","6","是"
"746","510204B0B12","数据库基础","B类((理论+实践)课)","72","4","是"
"747","510204B0B13","用户界面设计","B类((理论+实践)课)","72","4","是"
"748","510204B0B14","用户体验设计","B类((理论+实践)课)","72","4","是"
"749","510204B0B15","影视特效制作","B类((理论+实践)课)","72","4","是"
"750","510204B0B16","游戏引擎基础","B类((理论+实践)课)","72","4","是"
"751","510204B0B17","C语言程序设计基础（二）","B类((理论+实践)课)","72","4","是"
"752","510204B0B18","设计构成","B类((理论+实践)课)","72","2","是"
"753","510204B0B19","1+X融媒体内容制作（中级）","B类((理论+实践)课)","72","2","是"
"754","510204B0B20","1+X融媒体内容制作（高级）","B类((理论+实践)课)","72","2","是"
"755","510204B0B21","计算机辅助设计--CAD","B类((理论+实践)课)","72","4","是"
"756","510204B0B22","短视频编辑与制作","B类((理论+实践)课)","72","4","是"
"757","510204B0B23","计算机辅助设计--3DMAXX","B类((理论+实践)课)","72","4","是"
"758","510204B0B24","企业形象设计（VI设计）","B类((理论+实践)课)","72","4","是"
"759","510204B0B25","计算机组装维护","B类((理论+实践)课)","72","4","是"
"760","510204B0B26","计算机网络基础","B类((理论+实践)课)","72","4","是"
"761","510204B0B27","图形图像处理（中职）","B类((理论+实践)课)","72","4","是"
"762","510204B0B28","Coreldraw平面设计","B类((理论+实践)课)","72","4","是"
"763","510204B0B29","平面构成","B类((理论+实践)课)","72","4","是"
"764","510204B0B30","网页设计与制作","B类((理论+实践)课)","72","4","是"
"765","510204B0B31","色彩构成","B类((理论+实践)课)","72","4","是"
"766","510204B0B32","Premiere影视制作","B类((理论+实践)课)","72","4","是"
"767","510204B0B33","3D Max动画制作","B类((理论+实践)课)","72","4","是"
"768","510204B0B34","1+X融媒体内容制作（初级）","B类((理论+实践)课)","72","2","是"
"769","510204B0B35","字体设计","B类((理论+实践)课)","72","4","是"
"770","510204B0B36","After Effects 影视制作","B类((理论+实践)课)","72","4","是"
"771","510204B0B37","多媒体制作","B类((理论+实践)课)","72","4","是"
"772","510204B0B38","立体构成","B类((理论+实践)课)","72","4","是"
"773","510204B0B39","网店装修与管理","B类((理论+实践)课)","72","4","是"
"774","510204B0B40","数字绘画","B类((理论+实践)课)","72","4","是"
"775","510204B0B41","三维软件基础","B类((理论+实践)课)","72","4","是"
"776","510204B0B42","广告创意与策划","B类((理论+实践)课)","72","4","是"
"777","510204B0B43","游戏美术基础","B类((理论+实践)课)","72","4","是"
"778","510204B0B44","短视频设计与制作","B类((理论+实践)课)","72","4","是"
"779","510204B0C01","平面广告综合设计实训","B类((理论+实践)课)","144","6","是"
"780","510204B0C02","室内设计综合设计实训","B类((理论+实践)课)","144","6","是"
"781","510204B0C03","影视后期特效综合设计实训","B类((理论+实践)课)","144","6","是"
"782","510204B0C04","毕业设计","C类(纯实践课)","480","30","是"
"783","510204GXA03","创新创业教育（任选）","A类(纯理论课)","17","1","是"
"784","510204ZXA01","创新创业教育-专业方向（任选）","B类((理论+实践)课)","72","2","是"
"785","510204ZXA02","广告文案写作（限选）","B类((理论+实践)课)","36","2","是"
"786","510204ZXA03","文案写作（限选）","A类(纯理论课)","72","4","是"
"787","510204ZXA05","客户关系管理（限选）","B类((理论+实践)课)","72","4","是"
"788","510204ZXB01","插画设计（限选）","B类((理论+实践)课)","36","4","是"
"789","510204ZXB02","用户界面设计（限选）","B类((理论+实践)课)","72","4","是"
"790","510204ZXB04","插画设计（任选）","A类(纯理论课)","17","1","是"
"791","510204ZXB05","数据结构（任选）","B类((理论+实践)课)","72","2","是"
"792","510204ZXB06","Maya基础建模（限选）","B类((理论+实践)课)","36","2","是"
"793","510204ZXB07","包装设计","B类((理论+实践)课)","36","2","是"
"794","510204ZXB08","视听语言","B类((理论+实践)课)","36","2","是"
"795","510204ZXB09","室内设计基础-CAD（任选）","B类((理论+实践)课)","72","4","是"
"796","510204ZXB10","网页设计与制作（限选）","B类((理论+实践)课)","72","4","是"
"797","520802B0A02","婴幼儿生理基础","A类(纯理论课)","36","2","是"
"798","520802B0A03","婴幼儿健康管理基础","A类(纯理论课)","36","2","是"
"799","520802B0A04","婴幼儿发展与健康促进","A类(纯理论课)","36","2","是"
"800","520802B0A05","幼儿发展心理学","A类(纯理论课)","36","2","是"
"801","520802B0A06-1","幼儿园教育活动设计与指导-1","B类((理论+实践)课)","36","2","是"
"802","520802B0A06-2","幼儿园教育活动设计与指导-2","B类((理论+实践)课)","36","2","是"
"803","520802B0A07","幼儿疾病与预防","A类(纯理论课)","36","2","是"
"804","520802B0A07-1","婴幼儿照护实操（1+X）-1","B类((理论+实践)课)","36","2","是"
"805","520802B0A07-2","婴幼儿照护实操（1+X）-2","B类((理论+实践)课)","36","2","是"
"806","520802B0A32","婴幼儿卫生与保健","B类((理论+实践)课)","36","2","是"
"807","520802B0B01","口语艺术","B类((理论+实践)课)","36","2","是"
"808","520802B0B01-1","幼儿教师口语-1","B类((理论+实践)课)","36","2","是"
"809","520802B0B01-2","幼儿教师口语-2","B类((理论+实践)课)","36","2","是"
"810","520802B0B02","乐理与视唱","B类((理论+实践)课)","36","2","是"
"811","520802B0B03","幼儿歌曲演唱","B类((理论+实践)课)","36","2","是"
"812","520802B0B03-1","幼儿歌曲演唱-1","B类((理论+实践)课)","36","2","是"
"813","520802B0B03-2","幼儿歌曲演唱-2","B类((理论+实践)课)","36","2","是"
"814","520802B0B04","钢琴基础","B类((理论+实践)课)","36","2","是"
"815","520802B0B04-1","钢琴基础-1","B类((理论+实践)课)","36","2","是"
"816","520802B0B04-2","钢琴基础-2","B类((理论+实践)课)","36","2","是"
"817","520802B0B05","幼儿舞蹈","B类((理论+实践)课)","36","2","是"
"818","520802B0B05-1","幼儿舞蹈-1","B类((理论+实践)课)","36","2","是"
"819","520802B0B05-2","幼儿舞蹈-2","B类((理论+实践)课)","36","2","是"
"820","520802B0B06","幼儿美术","B类((理论+实践)课)","36","2","是"
"821","520802B0B06-1","幼儿美术-1","B类((理论+实践)课)","36","2","是"
"822","520802B0B06-2","幼儿美术-2","B类((理论+实践)课)","36","2","是"
"823","520802B0B07","幼儿膳食营养管理","B类((理论+实践)课)","36","2","是"
"824","520802B0B08","婴幼儿行为观察与记录","B类((理论+实践)课)","36","2","是"
"825","520802B0B09","婴幼儿游戏活动实施","B类((理论+实践)课)","36","2","是"
"826","520802B0B11","儿童发展评价与管理","B类((理论+实践)课)","36","2","是"
"827","520802B0B12","幼儿游戏理论与实践","B类((理论+实践)课)","36","2","是"
"828","520802B0B13","音乐基础","B类((理论+实践)课)","144","2","是"
"829","520802KBOC16","毕业设计","C类(纯实践课)","120","4","是"
"830","520802ZXA02","特殊幼儿呵护与管理（限选）","A类(纯理论课)","36","2","是"
"831","520802ZXA03","幼托机构事务管理（限选）","A类(纯理论课)","36","2","是"
"832","520802ZXA04","1+X幼儿照护（任选）","A类(纯理论课)","36","2","是"
"833","520802ZXA34","亲子活动指导设计与组织","A类(纯理论课)","36","2","是"
"834","520802ZXB01","幼儿教师礼仪（任选）","B类((理论+实践)课)","36","2","是"
"835","520802ZXB02","0-3岁婴幼儿家庭教育与指导","B类((理论+实践)课)","36","2","是"
"836","530701B0A01","电子商务基础","A类(纯理论课)","72","4","是"
"837","530701B0B01","C语言程序设计基础","B类((理论+实践)课)","72","4","是"
"838","530701B0B02","图形图像处理","B类((理论+实践)课)","72","4","是"
"839","530701B0B03","数据库基础","B类((理论+实践)课)","72","4","是"
"840","530701B0B04","网络营销与策划","B类((理论+实践)课)","72","4","是"
"841","530701B0B05","网页制作基础（Dreamwear CS5）","B类((理论+实践)课)","72","4","是"
"842","530701B0B06","电子商务网站开发","B类((理论+实践)课)","72","4","是"
"843","530701B0B07","视频处理","B类((理论+实践)课)","72","4","是"
"844","530701B0B08","Web前端开发","B类((理论+实践)课)","72","4","是"
"845","530701B0B09","商务数据采集与处理","B类((理论+实践)课)","72","4","是"
"846","530701B0B10","电子商务技术安全管理","B类((理论+实践)课)","72","4","是"
"847","530701B0B11","搜索引擎优化技术","B类((理论+实践)课)","72","4","是"
"848","530701B0B12","网店经营与管理","B类((理论+实践)课)","72","4","是"
"849","530701B0B13","商务数据分析与应用","B类((理论+实践)课)","72","4","是"
"850","530701B0C01","电商平台运维技术","C类(纯实践课)","144","6","是"
"851","530701B0C02","新媒体运营","C类(纯实践课)","144","8","是"
"852","530701B0C03","毕业设计","C类(纯实践课)","180","30","是"
"853","530701ZXA01","客户关系管理（限选）","A类(纯理论课)","72","4","是"
"854","530701ZXA02","电子商务安全（限选）","A类(纯理论课)","72","2","是"
"855","530701ZXA03","创新创业教育-专业方向（任选）","A类(纯理论课)","64","2","是"
"856","530701ZXB01","Java程序设计（任选）","B类((理论+实践)课)","72","2","是"
"857","530701ZXB02","数据结构（限选）","B类((理论+实践)课)","72","4","是"
"858","530802B0A01","现代物流管理","B类((理论+实践)课)","72","4","是"
"859","530802B0A02","货物学","B类((理论+实践)课)","72","4","是"
"860","530802B0A03","市场营销","B类((理论+实践)课)","108","6","是"
"861","530802B0B01","物流信息管理","B类((理论+实践)课)","108","4","是"
"862","530802B0B02","采购与供应链管理","B类((理论+实践)课)","108","4","是"
"863","530802B0B03","智慧仓配运营","B类((理论+实践)课)","108","6","是"
"864","530802B0B04","农产品电子商务","B类((理论+实践)课)","72","4","是"
"865","530802B0B05","智慧运输运营","B类((理论+实践)课)","108","6","是"
"866","530802B0B06","物流成本管理","B类((理论+实践)课)","72","4","是"
"867","530802B0B07","物流设施设备","B类((理论+实践)课)","72","4","是"
"868","530802B0C01","物流仿真沙盘实训","C类(纯实践课)","40","3","是"
"869","530802B0C02","物流仿真综合实训","C类(纯实践课)","160","10","是"
"870","530802B0C03","跟岗实习","C类(纯实践课)","240","8","是"
"871","530802B0C04","毕业设计","C类(纯实践课)","180","6","是"
"872","530802B0C05","顶岗实习","C类(纯实践课)","480","16","是"
"873","530802ZXB01","快递物流法规实务","B类((理论+实践)课)","36","4","是"
"874","530802ZXB02","快递服务规范与礼仪","B类((理论+实践)课)","36","4","是"
"875","530802ZXB03","揽投部团队建设","A类(纯理论课)","32","2","是"
"876","530802ZXB04","数据分析实务","A类(纯理论课)","32","2","是"
"877","550201B0A01","基础和声","A类(纯理论课)","36","2","是"
"878","550201B0A01-1","基本乐理-1","A类(纯理论课)","36","2","是"
"879","550201B0A01-2","基本乐理-2","A类(纯理论课)","36","2","是"
"880","550201B0A02","中国音乐简史","A类(纯理论课)","36","2","是"
"881","550201B0A03","中国传统音乐","A类(纯理论课)","36","2","是"
"882","550201B0A04","外国音乐简史","A类(纯理论课)","36","2","是"
"883","550201B0A04-1","音乐欣赏-1","A类(纯理论课)","36","2","是"
"884","550201B0A04-2","音乐欣赏-2","A类(纯理论课)","36","2","是"
"885","550201B0A05","中外音乐名作音乐赏析","B类((理论+实践)课)","36","2","是"
"886","550201B0A06","艺术概论","A类(纯理论课)","36","2","是"
"887","550201B0A07","基本乐科","A类(纯理论课)","36","2","是"
"888","550201B0B02","器乐演奏（钢琴）","B类((理论+实践)课)","36","2","是"
"889","550201B0B02-1","视唱练耳-1","B类((理论+实践)课)","36","2","是"
"890","550201B0B02-2","视唱练耳-2","B类((理论+实践)课)","36","2","是"
"891","550201B0B02-3","视唱练耳-3","B类((理论+实践)课)","36","2","是"
"892","550201B0B02-4","视唱练耳-4","B类((理论+实践)课)","36","2","是"
"893","550201B0B03","声乐演唱","B类((理论+实践)课)","36","2","是"
"894","550201B0B04","舞蹈","B类((理论+实践)课)","36","2","是"
"895","550201B0B05","钢琴伴奏","B类((理论+实践)课)","36","2","是"
"896","550201B0B05-1","合唱与指挥-1","B类((理论+实践)课)","36","2","是"
"897","550201B0B05-2","合唱与指挥-2","B类((理论+实践)课)","36","2","是"
"898","550201B0B06","合奏","B类((理论+实践)课)","36","2","是"
"899","550201B0B06-1","键盘与和声-1","B类((理论+实践)课)","36","2","是"
"900","550201B0B06-2","键盘与和声-2","B类((理论+实践)课)","36","2","是"
"901","550201B0B07","合唱与指挥","B类((理论+实践)课)","36","2","是"
"902","550201B0B07-1","形体与舞蹈-1","B类((理论+实践)课)","36","2","是"
"903","550201B0B07-2","形体与舞蹈-2","B类((理论+实践)课)","36","2","是"
"904","550201B0B07-3","形体与舞蹈-3","B类((理论+实践)课)","36","2","是"
"905","550201B0B07-4","形体与舞蹈-4","B类((理论+实践)课)","36","2","是"
"906","550201B0B08-1","钢琴-1","B类((理论+实践)课)","36","2","是"
"907","550201B0B08-2","钢琴-2","B类((理论+实践)课)","36","2","是"
"908","550201B0B08-3","钢琴-3","B类((理论+实践)课)","36","2","是"
"909","550201B0B08-4","钢琴-4","B类((理论+实践)课)","36","2","是"
"910","550201B0B08-5","钢琴-5","B类((理论+实践)课)","36","2","是"
"911","550201B0B09-1","声乐-1","B类((理论+实践)课)","36","2","是"
"912","550201B0B09-2","声乐-2","B类((理论+实践)课)","36","2","是"
"913","550201B0B09-3","声乐-3","B类((理论+实践)课)","36","2","是"
"914","550201B0B09-4","声乐-4","B类((理论+实践)课)","36","2","是"
"915","550201B0B09-5","声乐-5","B类((理论+实践)课)","36","2","是"
"916","550201B0B10-1","舞台表演-1","B类((理论+实践)课)","36","2","是"
"917","550201B0B10-2","舞台表演-2","B类((理论+实践)课)","36","2","是"
"918","550201B0B10-3","舞台表演-3","B类((理论+实践)课)","36","2","是"
"919","550201B0B10-4","舞台表演-4","B类((理论+实践)课)","36","2","是"
"920","550201B0C01","毕业汇报","C类(纯实践课)","96","4","是"
"921","550201B0C02","舞台实践","C类(纯实践课)","24","1","是"
"922","550201ZXB01","音乐教学法（限选）","B类((理论+实践)课)","36","2","是"
"923","550201ZXB02","文艺活动策划与指导（限选）","B类((理论+实践)课)","36","2","是"
"924","550201ZXB03","表演基础（限选）","B类((理论+实践)课)","36","2","是"
"925","550201ZXB04","民族器乐（任选）","B类((理论+实践)课)","36","2","是"
"926","550201ZXB05","歌曲写作（任选）","B类((理论+实践)课)","36","2","是"
"927","550201ZXC01","化妆与造型（任选）","C类(纯实践课)","36","2","是"
"928","560214B0A01","电子商务概论","A类(纯理论课)","72","4","是"
"929","560214B0A02","管理学基础","A类(纯理论课)","72","4","是"
"930","560214B0A03","电子商务法律","A类(纯理论课)","36","2","是"
"931","560214B0A04","客户服务与管理","A类(纯理论课)","72","2","是"
"932","560214B0A05","网络营销基础","A类(纯理论课)","72","4","是"
"933","560214B0A06","整合营销","A类(纯理论课)","74","4","是"
"934","560214B0A07","网络公共关系与舆情处理","A类(纯理论课)","72","4","是"
"935","560214B0A08","管理学基础与实务","A类(纯理论课)","72","4","是"
"936","560214B0B01","摄影基础与构图","B类((理论+实践)课)","72","4","是"
"937","560214B0B02","短视频设计与制作","B类((理论+实践)课)","72","4","是"
"938","560214B0B03","网店装修与美工","B类((理论+实践)课)","72","4","是"
"939","560214B0B04","市场调研与预测","B类((理论+实践)课)","36","2","是"
"940","560214B0B05","电商平台运营推广","B类((理论+实践)课)","72","4","是"
"941","560214B0B06","新媒体交互动效与动画设计","B类((理论+实践)课)","72","4","是"
"942","560214B0B07","电子商务物流管理","B类((理论+实践)课)","72","4","是"
"943","560214B0B08","新媒体策划与推广","B类((理论+实践)课)","72","4","是"
"944","560214B0B09","电商直播营销","B类((理论+实践)课)","72","4","是"
"945","560214B0B10","电子商务数据分析","B类((理论+实践)课)","72","4","是"
"946","560214B0B11","直播电商实战","B类((理论+实践)课)","72","4","是"
"947","560214B0B12","品牌策划与管理","B类((理论+实践)课)","72","4","是"
"948","560214B0B13","数字直播营销","B类((理论+实践)课)","72","4","是"
"949","560214B0B14","品牌策划与管理","B类((理论+实践)课)","72","4","是"
"950","560214B0B15","直播电商与案例分析","B类((理论+实践)课)","72","4","是"
"951","560214B0C01","整合营销","B类((理论+实践)课)","72","4","是"
"952","560214B0C02","网络公共关系与舆情处理","B类((理论+实践)课)","72","4","是"
"953","560214B0C03","自媒体营销","B类((理论+实践)课)","72","4","是"
"954","560214ZXA01","经济学（任选）","A类(纯理论课)","72","4","是"
"955","560214ZXA02","创新创业教育-专业方向（任选）","A类(纯理论课)","72","2","是"
"956","560214ZXB01","商务礼仪（限选）","B类((理论+实践)课)","36","2","是"
"957","560214ZXB02","视频营销（任选）","B类((理论+实践)课)","36","2","是"
"958","560214ZXB03","文案创意制作（任选）","B类((理论+实践)课)","36","2","是"
"959","560214ZXB04","内容策划与编辑（限选）","B类((理论+实践)课)","72","4","是"
"960","570101KB0A01","婴幼儿卫生与保育","A类(纯理论课)","36","2","是"
"961","570101KB0A02","婴幼儿发展心理学","A类(纯理论课)","36","2","是"
"962","570101KB0A03","早期教育概论","A类(纯理论课)","36","2","是"
"963","570101KB0A04","幼儿文学","A类(纯理论课)","36","2","是"
"964","570101KB0A05","婴幼儿游戏与玩具","A类(纯理论课)","36","2","是"
"965","570101KB0A06","婴幼儿营养与保健","A类(纯理论课)","72","2","是"
"966","570101KB0A07","婴幼儿语言发展与交往","A类(纯理论课)","36","2","是"
"967","570101KB0A07-1","0-3岁早期教育活动设计与指导-1","B类((理论+实践)课)","36","2","是"
"968","570101KB0A07-2","0-3岁早期教育活动设计与指导-2","B类((理论+实践)课)","36","2","是"
"969","570101KB0A08","婴幼儿认知发展与指导","A类(纯理论课)","36","2","是"
"970","570101KB0A08-1","幼儿园课程与教育活动设计-1","B类((理论+实践)课)","36","2","是"
"971","570101KB0A08-2","幼儿园课程与教育活动设计-2","B类((理论+实践)课)","36","2","是"
"972","570101KB0A09","婴幼儿动作发展与指导","A类(纯理论课)","36","2","是"
"973","570101KB0A10","婴幼儿艺术教育与指导","A类(纯理论课)","72","2","是"
"974","570101KB0A11","婴幼儿行为观察与测评","A类(纯理论课)","36","2","是"
"975","570101KB0A12","婴幼儿家庭教育教育与指导","A类(纯理论课)","36","2","是"
"976","570101KB0A13","婴幼儿情感与社会发展","A类(纯理论课)","36","2","是"
"977","570101KB0A14","婴幼儿学习与发展","B类((理论+实践)课)","36","2","是"
"978","570101KB0A31","婴幼儿行为观察与记录","B类((理论+实践)课)","36","2","是"
"979","570101KB0B01","舞蹈基础与婴幼儿律动","B类((理论+实践)课)","144","2","是"
"980","570101KB0B02","美术基础与手工制作","B类((理论+实践)课)","144","2","是"
"981","570101KB0B02-1","美术基础与手工制作-1","B类((理论+实践)课)","36","2","是"
"982","570101KB0B02-2","美术基础与手工制作-2","B类((理论+实践)课)","36","2","是"
"983","570101KB0B03","钢琴与婴幼儿歌曲弹唱","B类((理论+实践)课)","144","2","是"
"984","570101KB0B03-1","婴幼儿歌曲弹唱-1","B类((理论+实践)课)","36","2","是"
"985","570101KB0B03-2","婴幼儿歌曲弹唱-2","B类((理论+实践)课)","36","2","是"
"986","570101KB0B04","音乐基础","B类((理论+实践)课)","72","2","是"
"987","570101KB0B04-1","钢琴基础-1","B类((理论+实践)课)","36","2","是"
"988","570101KB0B04-2","钢琴基础-2","B类((理论+实践)课)","36","2","是"
"989","570101KB0B05","幼儿教师口语","B类((理论+实践)课)","72","1.5","是"
"990","570101KB0B06-1","幼儿教师口语-1","B类((理论+实践)课)","36","1.5","是"
"991","570101KB0B06-2","幼儿教师口语-2","B类((理论+实践)课)","36","1.5","是"
"992","570101KBOC13","认识实习","C类(纯实践课)","30","0.5","是"
"993","570101KBOC14","跟岗实习","C类(纯实践课)","300","4","是"
"994","570101KBOC15","顶岗实习","C类(纯实践课)","180","12","是"
"995","570101KBOC16","毕业设计","C类(纯实践课)","120","4","是"
"996","570101KZXA01","婴幼儿感统训练设计与指导","A类(纯理论课)","36","2","是"
"997","570101KZXA02","学前教育政策法规","A类(纯理论课)","36","2","是"
"998","570101KZXA03","托育机构运营与管理","A类(纯理论课)","36","2","是"
"999","570101KZXA04","学前儿童教育科研方法","A类(纯理论课)","36","2","是"
"1000","570101KZXA05","蒙台梭利教学法","A类(纯理论课)","36","2","是"
"1001","570101KZXA06","学前儿童心理健康指导","A类(纯理论课)","36","2","是"
"1002","570101KZXA07","母婴护理","A类(纯理论课)","36","2","是"
"1003","570101KZXA08","幼儿园课程概论","A类(纯理论课)","36","2","是"
"1004","570102KB0A08","幼儿园班级管理","A类(纯理论课)","36","2","是"
"1005","570102KBOA01","幼儿教育政策法规","A类(纯理论课)","36","2","是"
"1006","570102KBOA015","学前儿童科学教育活动指导","B类((理论+实践)课)","18","1","是"
"1007","570102KBOA02","幼儿文学","A类(纯理论课)","36","2","是"
"1008","570102KBOA03","学前儿童发展心理学","A类(纯理论课)","36","2","是"
"1009","570102KBOA04","学前儿童卫生与保育","A类(纯理论课)","36","2","是"
"1010","570102KBOA05","学前教育学","A类(纯理论课)","36","2","是"
"1011","570102KBOA06","幼儿游戏与指导","A类(纯理论课)","36","2","是"
"1012","570102KBOA07","幼儿园课程概论","A类(纯理论课)","36","2","是"
"1013","570102KBOA08","幼儿教师职业道德","A类(纯理论课)","36","2","是"
"1014","570102KBOA09","幼儿教育心理学","A类(纯理论课)","36","2","是"
"1015","570102KBOA10","幼儿园管理","A类(纯理论课)","36","2","是"
"1016","570102KBOA11","家庭与社区教育","A类(纯理论课)","8","0.5","是"
"1017","570102KBOA12","幼儿园教育环境创设","A类(纯理论课)","36","1.5","是"
"1018","570102KBOA13","学前教育简史","A类(纯理论课)","16","1","是"
"1019","570102KBOA14","幼儿园教育评价","A类(纯理论课)","16","1","是"
"1020","570102KBOA15","学前教科研方法和研究性学习","A类(纯理论课)","36","2","是"
"1021","570102KBOB01","学前儿童语言教育","A类(纯理论课)","18","1","是"
"1022","570102KBOB02","学前儿童科学教育","B类((理论+实践)课)","18","1","是"
"1023","570102KBOB02-1","教师口语-1","B类((理论+实践)课)","36","2","是"
"1024","570102KBOB02-2","教师口语-2","B类((理论+实践)课)","36","2","是"
"1025","570102KBOB03","学前儿童社会教育","B类((理论+实践)课)","18","1","是"
"1026","570102KBOB04","学前儿童艺术教育","B类((理论+实践)课)","18","1","是"
"1027","570102KBOB04-1","乐理视唱-1","B类((理论+实践)课)","72","2","是"
"1028","570102KBOB04-2","乐理视唱-2","B类((理论+实践)课)","72","2","是"
"1029","570102KBOB05","学前儿童健康教育","A类(纯理论课)","18","1","是"
"1030","570102KBOB05-1","幼儿歌曲演唱-1","B类((理论+实践)课)","36","2","是"
"1031","570102KBOB05-2","幼儿歌曲演唱-2","B类((理论+实践)课)","36","2","是"
"1032","570102KBOB05-3","幼儿歌曲演唱-3","B类((理论+实践)课)","36","2","是"
"1033","570102KBOB05-4","幼儿歌曲演唱-4","B类((理论+实践)课)","36","2","是"
"1034","570102KBOB06","教师口语","B类((理论+实践)课)","36","2","是"
"1035","570102KBOB06-1","钢琴与幼儿歌曲伴奏-1","B类((理论+实践)课)","36","2","是"
"1036","570102KBOB06-2","钢琴与幼儿歌曲伴奏-2","B类((理论+实践)课)","36","2","是"
"1037","570102KBOB06-3","钢琴与幼儿歌曲伴奏-3","B类((理论+实践)课)","36","2","是"
"1038","570102KBOB06-4","钢琴与幼儿歌曲伴奏-4","B类((理论+实践)课)","36","2","是"
"1039","570102KBOB07","乐理视唱","B类((理论+实践)课)","36","2","是"
"1040","570102KBOB07-1","舞蹈与儿童舞蹈创编-1","B类((理论+实践)课)","36","2","是"
"1041","570102KBOB07-2","舞蹈与儿童舞蹈创编-2","B类((理论+实践)课)","36","2","是"
"1042","570102KBOB07-3","舞蹈与儿童舞蹈创编-3","B类((理论+实践)课)","36","2","是"
"1043","570102KBOB07-4","舞蹈与儿童舞蹈创编-4","B类((理论+实践)课)","36","2","是"
"1044","570102KBOB08","幼儿歌曲演唱","B类((理论+实践)课)","36","2","是"
"1045","570102KBOB08-1","美术与幼儿美术创作-1","B类((理论+实践)课)","36","2","是"
"1046","570102KBOB08-2","美术与幼儿美术创作-2","B类((理论+实践)课)","36","2","是"
"1047","570102KBOB08-3","美术与幼儿美术创作-3","B类((理论+实践)课)","36","2","是"
"1048","570102KBOB08-4","美术与幼儿美术创作-4","B类((理论+实践)课)","36","2","是"
"1049","570102KBOB09","钢琴与幼儿歌曲伴奏","B类((理论+实践)课)","36","2","是"
"1050","570102KBOB10","舞蹈与儿童舞蹈创编","B类((理论+实践)课)","36","2","是"
"1051","570102KBOB11","美术与幼儿美术创作","B类((理论+实践)课)","36","2","是"
"1052","570102KBOB12","书写","C类(纯实践课)","36","2","是"
"1053","570102KBOC13","认识实习","C类(纯实践课)","30","0.5","是"
"1054","570102KBOC16","毕业设计","C类(纯实践课)","120","4","是"
"1055","570102KZXA01","学前儿童心理健康指导（限选）","A类(纯理论课)","36","1.5","是"
"1056","570102KZXA02","0~3岁婴幼儿保育与教育（限选）","A类(纯理论课)","36","1.5","是"
"1057","570102KZXA03","幼儿教师专业发展（限选）","A类(纯理论课)","36","1","是"
"1058","570102KZXA04","幼儿行为观察与分析","A类(纯理论课)","36","2","是"
"1059","570102KZXB01","保教课件制作","C类(纯实践课)","36","2","是"
"1060","570102KZXB02","幼儿影视作品欣赏（任选）","A类(纯理论课)","8","1","是"
"1061","570102KZXB03","幼儿经典绘本导读（任选）","A类(纯理论课)","36","1.5","是"
"1062","570102KZXB04","教玩具制作","C类(纯实践课)","18","1","是"
"1063","570102KZXB05","幼儿照护（1+x)","B类((理论+实践)课)","36","2","是"
"1064","570102KZXB06","学前儿童数学教育活动指导","B类((理论+实践)课)","36","2","是"
"1065","570102KZXB07","蒙台梭利教育法","B类((理论+实践)课)","72","2","是"
"1066","570102KZXB36","教师资格证综合训练","B类((理论+实践)课)","18","1","是"
"1067","590101B0A01","社会学概论","A类(纯理论课)","36","2","是"
"1068","590101B0A04","农村社会学","A类(纯理论课)","72","2","是"
"1069","590101B0A05","管理学原理","A类(纯理论课)","72","2","是"
"1070","590101B0A07","社会统计学","A类(纯理论课)","36","1","是"
"1071","590101B0A08","社会研究方法","A类(纯理论课)","36","1","是"
"1072","590101B0A14","公共行政管理","A类(纯理论课)","72","2","是"
"1073","590101B0A15","管理沟通技巧","A类(纯理论课)","72","4","是"
"1074","590101B0A16","管理心理学基础","A类(纯理论课)","36","1","是"
"1075","590101B0A17","市政管理实务","A类(纯理论课)","72","4","是"
"1076","590101B0A18","党务工作实务","A类(纯理论课)","72","4","是"
"1077","590101B0A19","城市社会学","A类(纯理论课)","72","2","是"
"1078","590101B0A20","社会福利","A类(纯理论课)","72","4","是"
"1079","590101B0A21","公文写作应用","A类(纯理论课)","36","1","是"
"1080","590101B0A22","社区管理与服务","A类(纯理论课)","72","2","是"
"1081","590101B0A23","经济法律实务","A类(纯理论课)","72","2","是"
"1082","590101B0A24","个案工作","A类(纯理论课)","72","4","是"
"1083","590101B0A25","社会工作实务","A类(纯理论课)","72","4","是"
"1084","590101B0A26","儿童青少年社会工作","A类(纯理论课)","72","4","是"
"1085","590101B0A27","社会工作政策法规","A类(纯理论课)","72","4","是"
"1086","590101B0A28","社会调查研究方法","A类(纯理论课)","72","4","是"
"1087","590101B0A29","民族社会学","A类(纯理论课)","36","1","是"
"1088","590101B0A30","中国新型政党制度","A类(纯理论课)","72","2","是"
"1089","590101B0A31","组织行为实务","A类(纯理论课)","72","4","是"
"1090","590101B0A32","会议管理实务","A类(纯理论课)","36","2","是"
"1091","590101B0A33","企业行政实务","A类(纯理论课)","36","1","是"
"1092","590101B0A34","行政秘书基础","A类(纯理论课)","36","2","是"
"1093","590101B0A35","办公室管理实务","A类(纯理论课)","36","1","是"
"1094","590101B0A36","社会工作行政","A类(纯理论课)","72","4","是"
"1095","590101B0A37","老年社会工作","A类(纯理论课)","36","4","是"
"1096","590101B0A38","党内法规1","A类(纯理论课)","36","2","是"
"1097","590101B0A39","办公室管理实务","A类(纯理论课)","36","4","是"
"1098","590101B0A40","行政法","A类(纯理论课)","72","4","是"
"1099","590101B0A41","档案管理学","A类(纯理论课)","36","4","是"
"1100","590101B0A42","公共关系实务","A类(纯理论课)","36","2","是"
"1101","590101B0A43","社区工作","A类(纯理论课)","72","4","是"
"1102","590101B0A44","社会心理学","A类(纯理论课)","72","4","是"
"1103","590101B0A45","人力资源管理","A类(纯理论课)","36","2","是"
"1104","590101B0A46","社会工作写作","A类(纯理论课)","72","4","是"
"1105","590101B0A47","学校社会工作","A类(纯理论课)","72","4","是"
"1106","590101B0A48","残障社会工作","A类(纯理论课)","36","2","是"
"1107","590101B0B01","应用文写作","B类((理论+实践)课)","36","3","是"
"1108","590101B0B02","口才艺术与人际沟通","B类((理论+实践)课)","36","2","是"
"1109","590101B0B03","人力资源管理","B类((理论+实践)课)","36","2","是"
"1110","590101B0B04","公共关系学","B类((理论+实践)课)","36","2","是"
"1111","590101B0B05","文学作品选讲","B类((理论+实践)课)","36","2","是"
"1112","590101B0B06","人类行为与社会环境","A类(纯理论课)","72","4","是"
"1113","590101B0B07","社会工作概论","B类((理论+实践)课)","72","4","是"
"1114","590101B0B08","社会工作政策法规","B类((理论+实践)课)","72","4","是"
"1115","590101B0B09","社区社会工作","B类((理论+实践)课)","36","3","是"
"1116","590101B0B10","学校社会工作","B类((理论+实践)课)","36","3","是"
"1117","590101B0B11","企业社会工作","B类((理论+实践)课)","36","3","是"
"1118","590101B0B12","个案工作","B类((理论+实践)课)","36","3","是"
"1119","590101B0B13","小组工作","B类((理论+实践)课)","72","4","是"
"1120","590101B0B14","项目策划与项目评估","B类((理论+实践)课)","36","3","是"
"1121","590101B0B15","社会心理学","B类((理论+实践)课)","36","3","是"
"1122","590101B0B16","社会调查研究方法","B类((理论+实践)课)","36","3","是"
"1123","590101B0B17","人民调节实务","B类((理论+实践)课)","40","3","是"
"1124","590101B0B18","法学概论","B类((理论+实践)课)","36","2","是"
"1125","590101B0B19","司法社会工作","B类((理论+实践)课)","36","2","是"
"1126","590101B0C01","职业资格训练（社会工作）","C类(纯实践课)","36","2","是"
"1127","590101B0C02","毕业设计","C类(纯实践课)","180","6","是"
"1128","590101ZXA01","心理咨询与辅导（限选）","A类(纯理论课)","18","1","是"
"1129","590101ZXA02","城市社会学（限选）","A类(纯理论课)","18","1","是"
"1130","590101ZXA03","西方社会学（任选）","A类(纯理论课)","18","1","是"
"1131","590101ZXA04","文化人类学（任选）","A类(纯理论课)","18","1","是"
"1132","590101ZXA05","非营利组织管理（任选）","A类(纯理论课)","18","1","是"
"1133","590102B0A02","公共行政学","A类(纯理论课)","36","2","是"
"1134","590102B0B08","宪法学","A类(纯理论课)","36","2","是"
"1135","590102B0B10","民法学","A类(纯理论课)","36","2","是"
"1136","590102B0B13","逻辑学","A类(纯理论课)","36","2","是"
"1137","590102BOA02","公共关系学","A类(纯理论课)","36","2","是"
"1138","590102BOA03","中共党史","A类(纯理论课)","72","4","是"
"1139","590102BOB01","基础写作","B类((理论+实践)课)","36","2","是"
"1140","600209B0A01","顶岗实习","C类(纯实践课)","480","16","是"
"1141","600209B0A02","汽车机械基础","B类((理论+实践)课)","68","4","是"
"1142","600209B0A03","汽车文化","A类(纯理论课)","34","2","是"
"1143","600209B0A04","汽车实用英语","A类(纯理论课)","64","4","是"
"1144","600209B0A05","汽车电工与电子技术","B类((理论+实践)课)","64","4","是"
"1145","600209B0B01","汽车使用与维护","B类((理论+实践)课)","64","4","是"
"1146","600209B0B02","汽车结构与拆装","B类((理论+实践)课)","102","6","是"
"1147","600209B0B03","汽车维修业务接待","B类((理论+实践)课)","72","4","是"
"1148","600209B0B04","汽车发动机构造与维修","B类((理论+实践)课)","108","6","是"
"1149","600209B0B05","汽车底盘构造与维修","B类((理论+实践)课)","72","4","是"
"1150","600209B0B06","汽车电器构造维修","B类((理论+实践)课)","72","4","是"
"1151","600209B0B07","汽车自动变速器维修","B类((理论+实践)课)","72","4","是"
"1152","600209B0B08","汽车车载网络技术","B类((理论+实践)课)","84","6","是"
"1153","600209B0B09","汽车空调维修","B类((理论+实践)课)","56","4","是"
"1154","600209B0B10","汽车性能与检测","B类((理论+实践)课)","56","4","是"
"1155","600209B0B11","汽车运用与维修（初级1+X职业技能等级证书）","B类((理论+实践)课)","60","4","是"
"1156","600209B0C01","认识实习","C类(纯实践课)","30","1","是"
"1157","600209B0C02","金工实习","B类((理论+实践)课)","60","2","是"
"1158","600209B0C04","毕业设计","C类(纯实践课)","120","4","是"
"1159","600209GXA01","创新创业教育（任选）","A类(纯理论课)","16","1","是"
"1160","600209ZXA01","新能源汽车（限选）","B类((理论+实践)课)","56","4","是"
"1161","600209ZXA02","汽车车身维修技术（限选）","B类((理论+实践)课)","72","4","是"
"1162","600209ZXA03","汽车保险与理赔（限选）","B类((理论+实践)课)","36","2","是"
"1163","600209ZXA04","汽车配件及营销（限选）","B类((理论+实践)课)","36","2","是"
"1164","600209ZXA05","汽车鉴定与评估（限选）","B类((理论+实践)课)","28","2","是"
"1165","600209ZXA06","汽车新技术（任选）","A类(纯理论课)","36","2","是"
"1166","600210B0A01","汽车文化","A类(纯理论课)","34","2","是"
"1167","600210B0A02","汽车机械基础","A类(纯理论课)","68","4","是"
"1168","600210B0A03","汽车机械制图","B类((理论+实践)课)","68","4","是"
"1169","600210B0A04","汽车材料","A类(纯理论课)","72","4","是"
"1170","600210B0A05","汽车实用英语","A类(纯理论课)","64","4","是"
"1171","600210B0B01","汽车结构与拆装","B类((理论+实践)课)","96","4","是"
"1172","600210B0B02","汽车车身电器设备","B类((理论+实践)课)","108","6","是"
"1173","600210B0B03","MIG焊接技术","B类((理论+实践)课)","108","6","是"
"1174","600210B0B04","汽车涂装技术","B类((理论+实践)课)","108","6","是"
"1175","600210B0B05","汽车钣金技术","B类((理论+实践)课)","108","6","是"
"1176","600210B0B06","汽车美容与护理","B类((理论+实践)课)","56","4","是"
"1177","600210B0B07","汽车车身维修技术","B类((理论+实践)课)","56","4","是"
"1178","600210B0B08","汽车运用与维修（初级1+X职业技能等级证书）","B类((理论+实践)课)","60","2","是"
"1179","600210B0C01","认识实习","C类(纯实践课)","30","1","是"
"1180","600210B0C02","金工实习","B类((理论+实践)课)","60","2","是"
"1181","600210B0C04","毕业设计","C类(纯实践课)","120","6","是"
"1182","600210GXA01","新能源汽车（限选）","B类((理论+实践)课)","56","4","是"
"1183","600210GXA02","汽车保险与理赔（限选）","B类((理论+实践)课)","36","2","是"
"1184","600210GXA03","汽车配件及营销（限选）","B类((理论+实践)课)","36","2","是"
"1185","600210GXA04","汽车鉴定与评估（限选）","B类((理论+实践)课)","56","4","是"
"1186","600210GXA05","汽车新技术（任选）","B类((理论+实践)课)","36","2","是"
"1187","610214B0A01","电子商务基础","A类(纯理论课)","72","4","是"
"1188","610214B0A02","网络营销与策划","A类(纯理论课)","72","4","是"
"1189","610214B0A04","管理学基础","A类(纯理论课)","72","4","是"
"1190","610214B0A05","电子商务法律法规","A类(纯理论课)","72","4","是"
"1191","610214B0B01","图形图像处理","B类((理论+实践)课)","72","4","是"
"1192","610214B0B02","C语言程序设计基础","B类((理论+实践)课)","72","4","是"
"1193","610214B0B03","网页制作基础（Dreamwear CS5）","B类((理论+实践)课)","72","4","是"
"1194","610214B0B04","Web前端开发","B类((理论+实践)课)","72","4","是"
"1195","610214B0B05","电子商务网站开发","B类((理论+实践)课)","72","4","是"
"1196","610214B0B06","视频处理","B类((理论+实践)课)","72","4","是"
"1197","610214B0B07","网页设计与制作(HTML)","B类((理论+实践)课)","72","4","是"
"1198","610214B0B08","数据库基础","B类((理论+实践)课)","72","4","是"
"1199","610214B0B09","商务数据采集与处理","B类((理论+实践)课)","72","4","是"
"1200","610214B0B10","电子商务技术安全管理","B类((理论+实践)课)","72","4","是"
"1201","610214B0B11","搜索引擎优化技术","B类((理论+实践)课)","72","4","是"
"1202","610214B0B12","网店经营与管理","B类((理论+实践)课)","72","4","是"
"1203","610214B0B13","商务数据分析与应用","B类((理论+实践)课)","72","4","是"
"1204","610214B0B14","互联网产品开发","B类((理论+实践)课)","72","4","是"
"1205","610214B0B15","跨境电商运营","B类((理论+实践)课)","72","4","是"
"1206","610214B0B16","零售基础","B类((理论+实践)课)","72","4","是"
"1207","610214B0C01","电商平台运维技术","B类((理论+实践)课)","144","10","是"
"1208","610214B0C02","新媒体运营","A类(纯理论课)","144","8","是"
"1209","610214B0C03","毕业设计","A类(纯理论课)","180","30","是"
"1210","610214GXA03","创新创业教育（任选）","A类(纯理论课)","36","2","是"
"1211","610214ZXA01","创新创业教育-专业方向（任选）","A类(纯理论课)","72","2","是"
"1212","610214ZXA02","电子商务安全（限选）","A类(纯理论课)","72","2","是"
"1213","610214ZXA03","电子商务安全（任选）","A类(纯理论课)","36","2","是"
"1214","610214ZXA05","客户关系管理（任选）","A类(纯理论课)","36","2","是"
"1215","610214ZXA06","会计学原理（限选）","A类(纯理论课)","72","4","是"
"1216","610214ZXA07","经济学基础（任选）","B类((理论+实践)课)","72","4","是"
"1217","610214ZXB01","Java程序设计（任选）","B类((理论+实践)课)","72","2","是"
"1218","610214ZXB02","数据结构（限选）","B类((理论+实践)课)","72","2","是"
"1219","610214ZXB03","网店运营推广等级考试(1+X高级)","B类((理论+实践)课)","72","2","是"
"1220","610214ZXB04","RTMC企业管理沙盘模拟经营（限选）","B类((理论+实践)课)","72","2","是"
"1221","610214ZXB05","视频处理（限选）","B类((理论+实践)课)","72","4","是"
"1222","660301B0B10-1","专业认知-机电1-1","B类((理论+实践)课)","108","2","是"
"1223","660301B0B10-2","专业认知-机电1-2","B类((理论+实践)课)","108","2","是"
"1224","660301B0B10-3","专业认知-机电1-3","B类((理论+实践)课)","108","2","是"
"1225","660301B0B10-4","专业认知-机电1-4","B类((理论+实践)课)","108","2","是"
"1226","660301B0B10-5","专业认知-机电2-1","B类((理论+实践)课)","108","2","是"
"1227","660301B0B10-6","专业认知-机电2-2","B类((理论+实践)课)","108","2","是"
"1228","660301B0B10-7","专业认知-机电2-3","B类((理论+实践)课)","108","2","是"
"1229","660301B0B10-8","专业认知-机电2-4","B类((理论+实践)课)","108","2","是"
"1230","670201B0A01","化学基础","B类((理论+实践)课)","108","6","是"
"1231","670201B0A02","化工生产概论","B类((理论+实践)课)","72","4","是"
"1232","670201B0A05","化工设备基础","B类((理论+实践)课)","72","4","是"
"1233","670201B0A06","化工安全与清洁生产","B类((理论+实践)课)","72","4","是"
"1234","670201B0A09","化工设备与机械","A类(纯理论课)","108","6","是"
"1235","670201B0A10","化工生产技术","B类((理论+实践)课)","108","6","是"
"1236","670201B0A11","石油加工生产技术","B类((理论+实践)课)","108","6","是"
"1237","670201B0A12","化工工艺仿真","A类(纯理论课)","108","6","是"
"1238","670201B0A13","QHSE与清洁生产","A类(纯理论课)","72","4","是"
"1239","670201B0A14","化学反应工程","A类(纯理论课)","72","4","是"
"1240","670201B0A16","化工企业企业管理","B类((理论+实践)课)","72","4","是"
"1241","670201B0A19","企业文化","A类(纯理论课)","72","4","是"
"1242","670201B0B02-1","无机化学1","B类((理论+实践)课)","108","6","是"
"1243","670201B0B02-2","无机化学2","B类((理论+实践)课)","108","6","是"
"1244","670201B0B03","电工技术基础与技能","B类((理论+实践)课)","72","4","是"
"1245","670201B0B030","物理","B类((理论+实践)课)","72","4","是"
"1246","670201B0B04","化工识图","B类((理论+实践)课)","72","4","是"
"1247","670201B0B04-1","有机化学1","B类((理论+实践)课)","108","6","是"
"1248","670201B0B04-2","有机化学2","B类((理论+实践)课)","108","6","是"
"1249","670201B0B06","化工安全与清洁生产","B类((理论+实践)课)","108","6","是"
"1250","670201B0B07","化工仪表及自动化","B类((理论+实践)课)","108","6","是"
"1251","670201B0B08","化工单元操作","B类((理论+实践)课)","108","6","是"
"1252","670201B0B09","化工分析基础","B类((理论+实践)课)","72","4","是"
"1253","670201B0B10-1","专业认知-化工1-1","B类((理论+实践)课)","108","2","是"
"1254","670201B0B10-2","专业认知-化工1-2","B类((理论+实践)课)","108","2","是"
"1255","670201B0B10-3","专业认知-化工1-3","B类((理论+实践)课)","108","2","是"
"1256","670201B0B10-4","专业认知-化工1-4","B类((理论+实践)课)","108","2","是"
"1257","670201B0B10-5","专业认知-化工2-1","B类((理论+实践)课)","108","2","是"
"1258","670201B0B10-6","专业认知-化工2-2","B类((理论+实践)课)","108","2","是"
"1259","670201B0B10-7","专业认知-化工2-3","B类((理论+实践)课)","108","2","是"
"1260","670201B0B10-8","专业认知-化工2-4","B类((理论+实践)课)","108","2","是"
"1261","670201B0B12","化工生产仿真实训","B类((理论+实践)课)","108","6","是"
"1262","670201B0B13","石油产品分析与检测","B类((理论+实践)课)","108","6","是"
"1263","670201B0B14","化工生产过程操作与控制","B类((理论+实践)课)","216","12","是"
"1264","670201B0B15","合成氨工艺及设备","B类((理论+实践)课)","108","6","是"
"1265","670201B0B17","化工基础","B类((理论+实践)课)","72","4","是"
"1266","670201B0B20","化工总控工（中级）","B类((理论+实践)课)","144","8","是"
"1267","670201B0C17","认识实习","C类(纯实践课)","30","1","是"
"1268","670201ZXA02","清洁生产与QHSE","B类((理论+实践)课)","36","2","是"
"1269","670201ZXA07","工业分析专业英语","A类(纯理论课)","56","2","是"
"1270","670201ZXA08","食品快速检测技术","A类(纯理论课)","56","2","是"
"1271","670201ZXB03","煤气化工艺及设备","B类((理论+实践)课)","36","2","是"
"1272","670201ZXC01","奇妙化学实验","B类((理论+实践)课)","36","2","是"
"1273","700205B0A01","汽车文化","A类(纯理论课)","32","2","是"
"1274","700205B0A02","汽车机械基础","A类(纯理论课)","64","4","是"
"1275","700205B0A03","汽车机械识图","B类((理论+实践)课)","64","4","是"
"1276","700205B0A04","汽车电工电子基础","B类((理论+实践)课)","72","4","是"
"1277","700205B0A05","汽车材料","A类(纯理论课)","72","4","是"
"1278","700205B0B01","汽车构造及实训","B类((理论+实践)课)","136","4","是"
"1279","700205B0B02","汽车定期维护（一）","B类((理论+实践)课)","108","6","是"
"1280","700205B0B03","汽车保险与理赔","B类((理论+实践)课)","108","6","是"
"1281","700205B0B04","汽车营销","B类((理论+实践)课)","144","8","是"
"1282","700205B0B05","汽车销售礼仪","B类((理论+实践)课)","64","4","是"
"1283","700205B0B06","汽车配件营销与管理","B类((理论+实践)课)","96","6","是"
"1284","700205B0B07","旧机动车鉴定与评估","B类((理论+实践)课)","96","6","是"
"1285","700205B0B08","汽车维修接待","B类((理论+实践)课)","72","4","是"
"1286","700205B0B09","汽车运用与维修考证（1+X）","B类((理论+实践)课)","60","2","是"
"1287","700205B0C01","钳工技能训练","B类((理论+实践)课)","60","2","是"
"1288","700205ZXA01","新能源汽车技术","A类(纯理论课)","32","2","是"
"1289","700205ZXB01","汽车定期维护（二）","A类(纯理论课)","36","2","是"
"1290","700205ZXB02","汽车空调维修","B类((理论+实践)课)","36","2","是"
"1291","700205ZXB03","汽车钣金技术","B类((理论+实践)课)","144","8","是"
"1292","700205ZXB04","汽车涂装技术","B类((理论+实践)课)","144","8","是"
"1293","700206B0A01","汽车文化","A类(纯理论课)","32","2","是"
"1294","700206B0A02","汽车机械基础","A类(纯理论课)","64","4","是"
"1295","700206B0A03","汽车机械识图","B类((理论+实践)课)","64","4","是"
"1296","700206B0A04","汽车电工电子基础","B类((理论+实践)课)","72","4","是"
"1297","700206B0A05","汽车材料","A类(纯理论课)","72","4","是"
"1298","700206B0B01","汽车构造及实训","B类((理论+实践)课)","64","4","是"
"1299","700206B0B01-1","汽车构造及实训-1","B类((理论+实践)课)","64","4","是"
"1300","700206B0B01-2","汽车构造及实训-2","B类((理论+实践)课)","64","4","是"
"1301","700206B0B02","汽车定期维护（一）","B类((理论+实践)课)","108","6","是"
"1302","700206B0B03","汽车发动机构造与维修","B类((理论+实践)课)","144","8","是"
"1303","700206B0B04","汽车电控发动机维修","B类((理论+实践)课)","64","4","是"
"1304","700206B0B05","汽车底盘构造与维修","B类((理论+实践)课)","96","6","是"
"1305","700206B0B06","汽车电器设备构造与维修","B类((理论+实践)课)","96","6","是"
"1306","700206B0B07","汽车空调维修","B类((理论+实践)课)","72","4","是"
"1307","700206B0B08","汽车运用与维修考证（1+X）","B类((理论+实践)课)","60","2","是"
"1308","700206B0B09","汽车定期维护（二）","B类((理论+实践)课)","108","6","是"
"1309","700206B0B10-1","专业认知-汽车1-1","B类((理论+实践)课)","108","2","是"
"1310","700206B0B10-2","专业认知-汽车1-2","B类((理论+实践)课)","108","2","是"
"1311","700206B0B10-3","专业认知-汽车1-3","B类((理论+实践)课)","108","2","是"
"1312","700206B0B10-4","专业认知-汽车1-4","B类((理论+实践)课)","108","2","是"
"1313","700206B0B10-5","专业认知-汽车2-1","B类((理论+实践)课)","108","2","是"
"1314","700206B0B10-6","专业认知-汽车2-2","B类((理论+实践)课)","108","2","是"
"1315","700206B0B10-7","专业认知-汽车2-3","B类((理论+实践)课)","108","2","是"
"1316","700206B0B10-8","专业认知-汽车2-4","B类((理论+实践)课)","108","2","是"
"1317","700206B0C01","钳工技能训练","B类((理论+实践)课)","60","2","是"
"1318","700206ZXA01","汽车保险与理赔","A类(纯理论课)","36","2","是"
"1319","700206ZXA02","新能源汽车技术","A类(纯理论课)","32","2","是"
"1320","700206ZXB01","汽车维修接待","B类((理论+实践)课)","36","2","是"
"1321","700206ZXB02","汽车钣金技术","B类((理论+实践)课)","144","8","是"
"1322","700206ZXB03","汽车涂装技术","B类((理论+实践)课)","144","8","是"
"1323","710201B0A01","电子商务应用","A类(纯理论课)","72","4","是"
"1324","710201B0A02","市场营销","A类(纯理论课)","72","4","是"
"1325","710201B0B01","C语言程序设计基础","B类((理论+实践)课)","72","4","是"
"1326","710201B0B02","计算机组装维护","B类((理论+实践)课)","72","4","是"
"1327","710201B0B03","计算机网络基础","B类((理论+实践)课)","72","4","是"
"1328","710201B0B04","图形图像处理","B类((理论+实践)课)","72","4","是"
"1329","710201B0B05","数据库应用基础","B类((理论+实践)课)","72","4","是"
"1330","710201B0B06","Coreldraw平面设计","B类((理论+实践)课)","72","4","是"
"1331","710201B0B07","网页设计与制作","B类((理论+实践)课)","72","6","是"
"1332","710201B0B08","中小型网络构建与管理","B类((理论+实践)课)","72","4","是"
"1333","710201B0B09","Premiere影视制作","B类((理论+实践)课)","108","6","是"
"1334","710201B0B10","网店装修与管理","B类((理论+实践)课)","72","6","是"
"1335","710201B0B11","After Effects 影视制作","B类((理论+实践)课)","99","6","是"
"1336","710201B0B12","网络综合布线","B类((理论+实践)课)","72","6","是"
"1337","710201B0B14","图形图像综合实训","B类((理论+实践)课)","144","8","是"
"1338","710201B0B15","3dsMAX动画制作","B类((理论+实践)课)","72","6","是"
"1339","710201B0B16","多媒体制作","B类((理论+实践)课)","72","4","是"
"1340","710201B0B20-1","专业认知-信息1-1","B类((理论+实践)课)","108","2","是"
"1341","710201B0B20-2","专业认知-信息1-2","B类((理论+实践)课)","108","2","是"
"1342","710201B0B20-3","专业认知-信息1-3","B类((理论+实践)课)","108","2","是"
"1343","710201B0B20-4","专业认知-信息1-4","B类((理论+实践)课)","108","2","是"
"1344","710201B0B20-5","专业认知-信息2-1","B类((理论+实践)课)","108","2","是"
"1345","710201B0B20-6","专业认知-信息2-2","B类((理论+实践)课)","108","2","是"
"1346","710201B0B20-7","专业认知-信息2-3","B类((理论+实践)课)","108","2","是"
"1347","710201B0B20-8","专业认知-信息2-4","B类((理论+实践)课)","108","2","是"
"1348","710201ZXB01","认知实习","B类((理论+实践)课)","6","2","是"
"1349","770101B0A01","托幼园所保育工作入门","A类(纯理论课)","36","2","是"
"1350","770101B0A02","婴幼儿教育心理学","A类(纯理论课)","36","2","是"
"1351","770101B0A03","幼儿教育学基础","A类(纯理论课)","36","2","是"
"1352","770101B0A24","幼儿心理学","B类((理论+实践)课)","36","2","是"
"1353","770101B0B01","形体与舞蹈","B类((理论+实践)课)","36","2","是"
"1354","770101B0B01-1","形体与舞蹈-1","B类((理论+实践)课)","36","2","是"
"1355","770101B0B01-2","形体与舞蹈-2","B类((理论+实践)课)","36","2","是"
"1356","770101B0B01-3","形体与舞蹈-3","B类((理论+实践)课)","36","2","是"
"1357","770101B0B01-4","形体与舞蹈-4","B类((理论+实践)课)","36","2","是"
"1358","770101B0B01-5","形体与舞蹈-5","B类((理论+实践)课)","36","2","是"
"1359","770101B0B02","乐理视唱","B类((理论+实践)课)","36","2","是"
"1360","770101B0B02-1","乐理视唱-1","B类((理论+实践)课)","36","2","是"
"1361","770101B0B02-2","乐理视唱-2","B类((理论+实践)课)","36","2","是"
"1362","770101B0B02-3","乐理视唱-3","B类((理论+实践)课)","36","2","是"
"1363","770101B0B02-4","乐理视唱-4","B类((理论+实践)课)","36","2","是"
"1364","770101B0B03","美术","B类((理论+实践)课)","36","2","是"
"1365","770101B0B03-1","美术-1","B类((理论+实践)课)","36","2","是"
"1366","770101B0B03-2","美术-2","B类((理论+实践)课)","36","2","是"
"1367","770101B0B03-3","美术-3","B类((理论+实践)课)","36","2","是"
"1368","770101B0B03-4","美术-4","B类((理论+实践)课)","36","2","是"
"1369","770101B0B04","钢琴基础","B类((理论+实践)课)","36","2","是"
"1370","770101B0B04-1","钢琴基础-1","B类((理论+实践)课)","36","2","是"
"1371","770101B0B04-2","钢琴基础-2","B类((理论+实践)课)","36","2","是"
"1372","770101B0B04-3","钢琴基础-3","B类((理论+实践)课)","36","2","是"
"1373","770101B0B04-4","钢琴基础-4","B类((理论+实践)课)","36","2","是"
"1374","770101B0B04-5","钢琴基础-5","B类((理论+实践)课)","36","2","是"
"1375","770101B0B05","唱歌与幼儿歌曲弹唱","B类((理论+实践)课)","36","2","是"
"1376","770101B0B05-1","唱歌与幼儿歌曲弹唱-1","B类((理论+实践)课)","36","2","是"
"1377","770101B0B05-2","唱歌与幼儿歌曲弹唱-2","B类((理论+实践)课)","36","2","是"
"1378","770101B0B05-3","唱歌与幼儿歌曲弹唱-3","B类((理论+实践)课)","36","2","是"
"1379","770101B0B05-4","唱歌与幼儿歌曲弹唱-4","B类((理论+实践)课)","36","2","是"
"1380","770101B0B05-5","唱歌与幼儿歌曲弹唱-5","B类((理论+实践)课)","36","2","是"
"1381","770101B0B06","幼儿教师口语","B类((理论+实践)课)","36","2","是"
"1382","770101B0B07","婴幼儿心理与保教","B类((理论+实践)课)","36","2","是"
"1383","770101B0B08","儿童行为观察与研究","B类((理论+实践)课)","36","2","是"
"1384","770101B0B09","营养学","B类((理论+实践)课)","36","2","是"
"1385","770101B0B10","学前卫生学","B类((理论+实践)课)","36","2","是"
"1386","770101B0B10-1","专业认知-幼教1-1","B类((理论+实践)课)","108","2","是"
"1387","770101B0B10-2","专业认知-幼教1-2","B类((理论+实践)课)","108","2","是"
"1388","770101B0B10-3","专业认知-幼教1-3","B类((理论+实践)课)","108","2","是"
"1389","770101B0B10-4","专业认知-幼教1-4","B类((理论+实践)课)","108","2","是"
"1390","770101B0B10-5","专业认知-幼教2-1","B类((理论+实践)课)","108","2","是"
"1391","770101B0B10-6","专业认知-幼教2-2","B类((理论+实践)课)","108","2","是"
"1392","770101B0B10-7","专业认知-幼教2-3","B类((理论+实践)课)","108","2","是"
"1393","770101B0B10-8","专业认知-幼教2-4","B类((理论+实践)课)","108","2","是"
"1394","770101B0B11","幼儿园教育活动设计与指导","B类((理论+实践)课)","36","2","是"
"1395","770101B0B11-1","幼儿园教育活动设计与指导-1","B类((理论+实践)课)","36","2","是"
"1396","770101B0B11-2","幼儿园教育活动设计与指导-2","B类((理论+实践)课)","36","2","是"
"1397","770101B0B12","婴幼儿常见病识别与应对","B类((理论+实践)课)","36","2","是"
"1398","770101B0B13","学前儿童游戏","B类((理论+实践)课)","36","2","是"
"1399","770101B0B14","婴幼儿生活照护技术","B类((理论+实践)课)","72","4","是"
"1400","770101B0B15","幼儿园环境创设","A类(纯理论课)","36","2","是"
"1401","770101B0B21","幼儿安全保育","B类((理论+实践)课)","36","2","是"
"1402","770101B0B22","幼儿健康照护","A类(纯理论课)","2","2","是"
"1403","770101B0B23","幼儿生活保育","B类((理论+实践)课)","36","2","是"
"1404","770101B0B31","婴幼儿活动保育","A类(纯理论课)","2","2","是"
"1405","770101B0C02","跟岗实习","C类(纯实践课)","120","4","是"
"1406","77010ZXB22","婴幼儿社会教育","B类((理论+实践)课)","36","2","是"
